都道府県コード又は市区町村コード,地域コード,都道府県名,市区町村名,調査年月日,地域名,総人口,男性,女性,0歳の男性,0歳の女性,1歳の男性,1歳の女性,2歳の男性,2歳の女性,3歳の男性,3歳の女性,4歳の男性,4歳の女性,5歳の男性,5歳の女性,6歳の男性,6歳の女性,7歳の男性,7歳の女性,8歳の男性,8歳の女性,9歳の男性,9歳の女性,10歳の男性,10歳の女性,11歳の男性,11歳の女性,12歳の男性,12歳の女性,13歳の男性,13歳の女性,14歳の男性,14歳の女性,15歳の男性,15歳の女性,16歳の男性,16歳の女性,17歳の男性,17歳の女性,18歳の男性,18歳の女性,19歳の男性,19歳の女性,20歳の男性,20歳の女性,21歳の男性,21歳の女性,22歳の男性,22歳の女性,23歳の男性,23歳の女性,24歳の男性,24歳の女性,25歳の男性,25歳の女性,26歳の男性,26歳の女性,27歳の男性,27歳の女性,28歳の男性,28歳の女性,29歳の男性,29歳の女性,30歳の男性,30歳の女性,31歳の男性,31歳の女性,32歳の男性,32歳の女性,33歳の男性,33歳の女性,34歳の男性,34歳の女性,35歳の男性,35歳の女性,36歳の男性,36歳の女性,37歳の男性,37歳の女性,38歳の男性,38歳の女性,39歳の男性,39歳の女性,40歳の男性,40歳の女性,41歳の男性,41歳の女性,42歳の男性,42歳の女性,43歳の男性,43歳の女性,44歳の男性,44歳の女性,45歳の男性,45歳の女性,46歳の男性,46歳の女性,47歳の男性,47歳の女性,48歳の男性,48歳の女性,49歳の男性,49歳の女性,50歳の男性,50歳の女性,51歳の男性,51歳の女性,52歳の男性,52歳の女性,53歳の男性,53歳の女性,54歳の男性,54歳の女性,55歳の男性,55歳の女性,56歳の男性,56歳の女性,57歳の男性,57歳の女性,58歳の男性,58歳の女性,59歳の男性,59歳の女性,60歳の男性,60歳の女性,61歳の男性,61歳の女性,62歳の男性,62歳の女性,63歳の男性,63歳の女性,64歳の男性,64歳の女性,65歳の男性,65歳の女性,66歳の男性,66歳の女性,67歳の男性,67歳の女性,68歳の男性,68歳の女性,69歳の男性,69歳の女性,70歳の男性,70歳の女性,71歳の男性,71歳の女性,72歳の男性,72歳の女性,73歳の男性,73歳の女性,74歳の男性,74歳の女性,75歳の男性,75歳の女性,76歳の男性,76歳の女性,77歳の男性,77歳の女性,78歳の男性,78歳の女性,79歳の男性,79歳の女性,80歳の男性,80歳の女性,81歳の男性,81歳の女性,82歳の男性,82歳の女性,83歳の男性,83歳の女性,84歳の男性,84歳の女性,85歳の男性,85歳の女性,86歳の男性,86歳の女性,87歳の男性,87歳の女性,88歳の男性,88歳の女性,89歳の男性,89歳の女性,90歳の男性,90歳の女性,91歳の男性,91歳の女性,92歳の男性,92歳の女性,93歳の男性,93歳の女性,94歳の男性,94歳の女性,95歳の男性,95歳の女性,96歳の男性,96歳の女性,97歳の男性,97歳の女性,98歳の男性,98歳の女性,99歳の男性,99歳の女性,100歳の男性,100歳の女性,101歳の男性,101歳の女性,102歳の男性,102歳の女性,103歳の男性,103歳の女性,104歳の男性,104歳の女性,105歳以上の男性,105歳以上の女性,世帯数,備考
131199,11,東京都,板橋区,2022/12/31,板橋一丁目,7726,3738,3988,29,45,31,37,27,20,32,18,16,29,16,21,22,22,18,19,14,18,18,23,12,10,19,15,11,18,23,19,16,14,14,12,19,8,13,17,9,21,26,25,24,21,32,36,37,52,51,68,74,68,81,90,69,105,89,92,73,92,88,98,88,79,83,84,75,74,72,71,62,75,80,65,67,69,76,57,68,74,61,55,70,66,60,64,54,58,67,54,62,57,62,59,69,52,68,64,49,52,65,75,67,63,57,63,61,74,64,66,67,58,59,45,31,37,50,55,56,53,56,40,47,40,38,37,38,51,42,34,48,41,37,39,30,42,29,38,29,30,42,23,25,39,39,37,36,34,35,52,47,33,34,41,16,24,13,30,26,33,13,16,16,29,18,30,17,23,12,27,13,22,10,21,10,19,11,17,12,16,7,17,6,5,5,11,3,6,2,13,2,8,0,10,1,7,0,2,0,0,0,0,0,0,0,0,0,0,0,0,0,0,0,0,5016,
131199,12,東京都,板橋区,2022/12/31,板橋二丁目,5651,2768,2883,20,22,14,19,14,15,15,7,11,5,19,18,17,14,8,12,15,8,14,16,17,6,17,14,15,9,12,9,13,12,8,20,16,10,17,5,15,22,16,14,32,27,37,28,48,46,61,68,68,60,88,104,69,75,62,63,66,88,70,64,57,65,62,60,55,59,56,64,47,49,43,45,42,41,57,49,67,56,43,41,39,34,35,41,49,41,52,43,43,37,49,38,44,35,43,30,44,34,50,49,44,46,41,52,42,46,41,38,30,35,41,28,26,27,33,46,22,35,31,29,26,19,24,34,21,22,24,17,20,18,26,24,16,20,26,20,25,20,27,27,27,31,18,27,18,32,34,36,29,28,26,28,14,17,17,27,14,15,13,29,17,15,12,33,11,14,7,14,9,13,8,11,8,17,5,16,5,12,4,15,2,11,3,11,4,3,2,11,3,6,0,9,1,2,0,3,0,0,0,0,0,1,0,0,0,1,0,0,0,0,0,1,3834,
131199,13,東京都,板橋区,2022/12/31,板橋三丁目,5720,2846,2874,27,20,17,15,27,15,16,16,20,17,15,17,19,28,21,20,21,22,27,16,23,24,13,16,11,5,18,12,19,13,18,24,12,15,11,14,24,22,33,33,33,31,42,38,51,44,51,62,48,60,57,76,63,54,48,56,69,67,38,56,46,56,50,48,55,41,45,35,47,47,41,37,37,37,42,40,32,28,43,31,38,32,45,44,45,40,48,44,44,34,43,30,36,36,50,49,52,32,54,43,42,40,42,41,39,40,46,31,50,41,40,38,27,34,40,37,41,34,34,34,29,32,29,23,28,28,25,23,26,12,29,28,23,29,23,35,29,26,18,26,33,35,19,25,29,34,28,30,39,36,36,34,29,31,20,17,18,18,19,30,20,39,14,27,14,19,15,15,7,15,16,22,6,20,10,14,6,8,3,22,5,13,4,13,1,4,3,4,0,3,2,3,1,6,3,6,1,3,0,1,0,1,0,2,0,0,0,0,0,0,0,0,3489,
131199,14,東京都,板橋区,2022/12/31,板橋四丁目,5088,2577,2511,14,13,19,17,10,19,11,17,19,17,11,16,13,13,16,17,13,12,19,11,17,11,11,13,18,12,10,17,12,5,17,13,14,15,9,16,13,20,26,19,20,26,19,18,33,41,45,49,55,54,65,51,60,69,57,50,68,44,65,61,51,49,54,55,50,40,55,40,57,39,43,36,52,35,34,26,39,27,33,37,41,42,38,37,41,41,39,31,43,40,35,35,40,29,31,33,43,58,50,41,43,30,34,36,43,40,35,26,32,28,38,34,24,11,35,29,28,27,25,23,36,18,18,15,29,30,22,23,34,25,22,23,22,30,23,16,25,18,22,16,21,19,22,23,25,34,31,29,32,29,27,34,13,21,12,13,17,27,22,26,18,14,13,22,22,15,11,17,5,13,7,25,5,18,7,22,10,11,5,14,3,12,5,11,5,8,0,7,0,8,1,5,0,4,0,1,0,2,0,0,0,1,0,1,0,0,0,0,0,0,0,0,3249,
131199,21,東京都,板橋区,2022/12/31,加賀一丁目,5682,2775,2907,29,26,33,40,45,39,56,41,47,40,49,70,64,65,62,67,59,61,56,61,52,38,39,30,37,31,33,29,21,27,26,12,32,21,11,21,19,13,18,19,20,23,25,25,26,28,19,18,22,16,12,18,12,14,12,11,11,23,14,12,14,20,14,23,26,29,31,38,28,46,40,54,51,57,53,64,67,73,76,69,53,60,74,63,55,83,58,50,48,55,58,44,62,50,44,34,36,58,35,41,47,45,42,44,36,31,34,45,37,45,32,28,31,18,38,33,40,34,38,35,41,42,32,50,24,29,31,28,23,32,28,20,23,27,21,36,30,24,16,22,21,18,21,17,18,20,22,30,30,19,19,20,9,12,15,15,15,14,9,15,8,15,16,13,8,9,6,9,6,9,6,14,4,7,5,6,4,6,0,5,1,4,2,3,1,1,0,2,1,2,0,1,0,1,0,0,0,0,0,1,0,0,0,0,0,1,0,0,0,0,0,0,2140,
131199,22,東京都,板橋区,2022/12/31,加賀二丁目,4325,2061,2264,8,6,12,7,15,8,11,5,14,15,11,17,20,23,22,17,15,20,23,22,23,19,22,28,24,15,33,19,32,30,24,29,25,20,30,32,18,27,26,45,32,41,25,52,26,43,16,38,22,32,21,34,26,25,20,23,20,12,12,17,16,16,12,10,12,18,15,14,12,17,19,14,22,17,15,21,15,15,11,16,20,16,18,30,17,23,22,30,26,33,28,30,43,42,43,32,40,43,41,49,48,46,41,52,43,43,45,43,50,46,56,35,35,25,53,46,42,35,42,29,28,25,30,23,26,20,26,16,18,22,21,16,20,23,20,24,24,28,21,32,27,21,19,18,24,24,36,28,27,33,27,33,15,15,14,15,15,15,14,15,18,22,10,11,7,14,6,13,4,14,6,16,9,16,8,13,4,11,1,9,2,12,0,5,3,9,0,13,0,11,1,6,0,4,0,3,0,4,0,4,0,0,0,0,0,0,0,0,0,0,0,1,2002,
131199,30,東京都,板橋区,2022/12/31,大山東町,5722,2827,2895,12,12,10,16,19,13,15,9,21,15,16,9,14,13,23,19,10,11,17,15,13,8,19,14,19,9,11,12,19,14,7,5,15,8,5,13,16,16,12,16,12,14,17,41,32,31,33,61,42,61,43,64,64,68,41,70,53,56,45,67,61,60,59,46,47,40,43,50,48,43,40,49,51,49,46,54,55,40,47,40,45,51,58,46,52,28,54,44,51,49,56,41,48,40,43,42,55,47,44,39,50,50,46,46,49,41,46,34,47,43,40,33,32,32,41,28,44,39,28,31,27,27,37,41,20,32,33,34,36,24,27,27,29,29,35,28,23,37,35,35,29,30,38,31,32,34,33,27,43,30,29,36,25,27,15,20,19,19,23,22,22,24,16,27,18,19,11,19,11,13,8,25,8,14,8,21,9,14,7,8,5,8,2,12,3,10,2,8,1,10,4,4,0,4,1,3,0,3,1,1,1,1,0,0,0,1,0,1,0,0,0,0,3795,
131199,40,東京都,板橋区,2022/12/31,大山金井町,5415,2719,2696,18,14,21,21,15,12,11,15,12,21,9,13,18,14,9,12,15,12,16,16,8,21,13,11,10,12,14,9,14,18,16,24,10,9,14,8,21,18,21,11,36,21,40,36,42,42,44,58,51,64,62,64,56,51,55,57,47,67,49,47,46,56,61,49,50,63,41,59,45,57,50,48,40,38,48,38,49,48,50,44,47,33,37,50,48,33,37,29,50,33,42,37,32,32,35,37,54,48,48,33,44,29,55,38,39,37,33,23,30,35,36,33,26,18,45,26,31,31,33,26,28,23,21,29,26,17,21,23,24,23,20,29,30,32,29,32,24,24,27,33,37,16,38,21,46,32,38,29,27,30,38,34,15,16,17,20,13,18,17,26,15,21,15,29,14,21,10,17,10,16,16,12,13,12,8,20,7,20,9,11,1,8,0,10,4,6,1,9,4,3,0,4,1,4,2,1,0,2,2,1,0,1,0,0,0,0,1,1,0,1,1,0,3548,
131199,50,東京都,板橋区,2022/12/31,熊野町,4516,2276,2240,21,10,12,15,9,14,11,15,6,16,14,16,16,16,15,15,15,15,9,18,12,14,15,10,14,8,12,15,9,12,7,8,18,13,10,7,11,12,24,25,27,23,30,31,34,31,46,37,42,25,43,45,46,47,41,41,46,52,48,36,38,57,44,41,45,31,27,43,44,33,41,36,43,38,39,33,45,22,48,36,37,32,33,33,34,27,48,39,46,33,37,37,44,38,39,26,39,38,31,37,39,41,38,35,36,44,29,30,36,31,36,17,23,18,38,30,47,40,28,26,23,22,18,23,31,10,14,25,18,25,21,19,23,27,17,27,23,24,19,17,20,18,22,24,27,36,19,17,22,24,25,18,17,14,8,11,12,7,10,25,8,13,11,21,12,16,2,11,7,12,9,13,2,13,3,9,7,10,2,7,1,4,4,11,2,3,1,4,0,5,0,6,1,2,0,0,0,1,0,1,0,1,0,0,0,0,0,0,0,0,0,0,2803,
131199,60,東京都,板橋区,2022/12/31,中丸町,6512,3303,3209,24,25,19,22,25,25,19,23,27,15,22,28,17,24,29,24,22,21,20,18,26,19,24,20,19,21,28,20,24,24,26,19,16,18,23,18,32,22,26,35,26,28,45,38,50,58,60,66,68,51,78,62,77,70,52,66,56,57,65,52,64,44,58,57,66,47,48,47,61,48,66,52,47,49,58,50,64,53,65,41,65,51,45,44,62,59,41,66,53,36,63,36,57,48,53,53,54,57,56,53,58,56,54,40,47,41,50,45,46,51,34,39,28,35,44,41,48,30,41,36,41,35,34,27,33,37,26,28,31,27,14,27,18,20,32,17,20,29,20,30,28,25,25,33,30,34,41,28,34,33,30,25,24,25,15,26,14,24,19,30,18,23,23,24,14,32,10,12,10,24,11,24,5,20,6,15,6,10,12,19,5,9,4,9,5,11,1,10,2,7,1,2,0,2,0,0,0,1,0,0,0,1,0,0,0,0,0,0,0,0,0,0,3923,
131199,70,東京都,板橋区,2022/12/31,南町,4649,2341,2308,10,13,16,12,9,8,5,14,9,8,8,10,20,14,6,6,12,12,16,16,12,11,14,12,15,20,8,10,16,14,17,11,14,15,11,10,13,19,21,27,20,23,27,27,41,40,39,55,47,40,48,49,38,44,66,43,47,36,39,36,43,39,39,28,46,38,39,32,43,26,35,28,43,23,26,42,39,23,45,39,31,26,39,36,39,31,35,34,43,30,51,34,39,40,53,28,34,35,47,35,41,33,44,36,34,37,34,43,36,28,18,32,28,31,34,34,24,19,24,21,22,26,31,18,23,18,22,26,26,21,22,22,17,16,31,17,15,19,28,27,25,16,19,20,20,26,24,33,28,31,23,26,16,24,10,23,17,24,17,21,22,22,11,22,12,19,12,19,7,25,4,14,7,15,6,21,7,14,11,12,6,13,5,10,1,6,2,9,0,4,2,6,0,1,0,2,0,3,0,0,0,0,0,0,0,0,0,1,0,0,0,0,2886,
131199,80,東京都,板橋区,2022/12/31,稲荷台,2724,1349,1375,16,9,8,23,16,13,17,12,16,14,11,24,11,17,16,12,8,14,14,13,12,11,14,12,11,9,18,8,8,12,12,8,8,20,6,12,11,3,15,12,20,10,14,12,16,15,27,28,22,15,9,28,13,28,16,15,15,10,17,18,18,26,23,20,13,23,18,26,19,22,34,18,15,23,27,25,20,20,22,29,21,16,15,20,22,21,22,19,25,13,18,14,24,17,16,25,24,22,16,15,26,13,20,15,15,17,18,14,18,14,16,22,8,18,19,17,21,17,22,12,21,16,24,20,17,12,12,15,13,8,13,8,10,16,8,10,15,7,10,6,17,11,16,10,15,6,10,23,14,13,16,13,12,14,8,9,10,11,15,11,10,18,8,6,12,13,0,8,3,8,8,14,1,10,4,13,1,6,3,6,5,7,1,4,3,2,1,4,0,0,0,1,1,0,0,4,0,1,0,0,0,0,0,1,0,0,0,0,0,0,0,0,1399,
131199,90,東京都,板橋区,2022/12/31,仲宿,7549,3659,3890,27,23,19,14,30,29,23,24,26,26,26,26,24,33,14,27,25,37,30,22,30,20,22,28,32,24,28,25,34,21,36,17,17,21,27,21,23,28,31,43,32,33,30,41,46,37,57,57,54,70,54,55,53,63,62,62,46,64,63,55,49,56,50,53,49,50,50,56,39,52,46,58,53,46,64,51,57,61,56,69,59,53,43,42,61,44,55,60,58,51,54,56,53,61,59,71,86,57,69,46,54,58,64,61,66,63,68,63,46,50,53,52,26,32,51,50,45,49,51,37,42,46,46,43,40,37,39,42,45,38,29,33,38,34,34,37,51,42,37,37,40,38,33,51,53,42,61,56,43,49,48,58,25,37,22,30,26,28,35,50,32,40,22,45,33,28,21,31,21,30,12,29,15,24,10,33,9,24,9,26,9,25,6,14,3,12,6,12,1,10,1,5,4,7,2,5,0,3,0,3,0,2,1,0,0,0,0,0,0,0,0,0,4428,
131199,100,東京都,板橋区,2022/12/31,氷川町,4538,2205,2333,15,15,16,15,19,16,15,17,14,18,13,19,14,18,21,13,21,16,13,19,20,19,18,21,17,18,20,18,18,19,11,19,16,13,23,18,19,14,16,20,17,32,17,34,42,30,34,51,32,45,36,53,37,47,37,43,49,63,39,33,45,53,54,46,40,46,31,38,46,38,41,28,36,32,42,42,49,34,30,34,33,28,42,40,39,34,30,36,41,40,34,25,39,23,40,32,31,32,40,35,45,38,28,25,32,25,24,39,31,25,27,31,16,15,31,32,25,21,19,21,27,17,19,22,17,28,17,19,17,21,22,21,20,14,15,15,22,23,23,21,20,16,17,21,15,21,19,19,23,28,26,33,10,14,12,13,10,11,13,22,19,21,16,17,11,11,3,16,7,10,7,21,7,17,12,5,6,7,4,8,2,4,1,6,2,7,1,2,0,3,1,4,1,2,0,5,1,2,0,1,0,0,0,1,0,0,0,0,0,0,0,0,2727,
131199,110,東京都,板橋区,2022/12/31,栄町,3985,1969,2016,13,13,11,12,5,8,5,17,12,9,10,12,14,8,10,20,8,10,16,16,7,7,13,8,17,16,10,9,18,12,14,8,8,14,14,10,11,16,11,15,18,18,22,21,19,25,30,27,28,21,33,24,28,40,39,28,37,26,28,26,15,21,33,26,33,30,30,25,32,25,35,26,28,24,28,31,28,24,18,17,37,28,21,28,28,27,27,23,19,23,28,22,29,29,27,29,23,25,34,25,36,29,30,24,34,29,23,29,29,27,22,28,13,18,35,24,18,18,32,25,29,27,30,25,19,15,29,31,22,19,15,21,32,20,22,20,24,26,25,34,14,17,28,20,33,30,26,38,23,27,36,20,23,29,14,19,21,35,19,33,15,27,27,25,18,15,17,24,14,16,12,22,8,18,8,20,7,12,4,18,7,14,5,4,1,11,2,8,0,5,4,6,1,0,0,2,1,2,0,3,0,1,0,0,0,1,0,0,0,1,0,0,2400,
131199,120,東京都,板橋区,2022/12/31,大山町,4416,2191,2225,11,13,11,13,19,17,14,10,14,11,23,17,16,13,19,16,23,16,13,17,10,12,18,19,10,11,10,11,15,12,21,5,13,16,10,12,17,12,13,17,16,17,14,22,18,26,29,32,27,43,38,38,33,45,36,37,37,31,31,35,36,32,38,44,38,33,30,32,29,30,25,25,33,26,39,38,43,37,35,27,38,31,46,38,41,35,33,46,46,41,36,28,40,39,47,37,47,18,36,42,35,32,40,25,31,36,35,40,39,42,28,31,31,15,20,37,27,35,28,25,25,34,33,30,26,25,23,18,22,24,22,18,24,17,16,24,24,25,25,19,20,23,35,19,26,18,20,22,21,15,23,26,18,22,7,23,23,15,17,16,8,16,9,15,10,20,12,16,7,14,8,16,16,16,6,13,3,17,1,11,6,10,4,4,0,9,1,7,1,3,0,3,0,3,0,2,0,2,0,1,0,0,0,0,0,0,0,0,0,1,0,0,2705,
131199,130,東京都,板橋区,2022/12/31,大山西町,4898,2341,2557,28,18,14,12,20,15,23,26,20,16,11,20,18,18,18,17,19,15,15,12,10,13,12,13,15,10,17,14,16,12,11,13,11,10,18,13,14,10,11,12,19,13,19,28,22,43,39,58,33,68,42,42,34,50,45,51,32,46,31,49,39,47,50,41,42,52,37,53,39,46,30,41,37,47,51,46,39,21,52,35,32,36,40,23,32,37,36,24,34,33,45,30,30,29,34,42,44,47,32,39,37,33,39,40,40,30,37,31,29,29,35,32,27,20,32,34,30,23,26,37,27,28,24,24,19,22,30,29,24,31,17,15,26,22,31,19,22,21,22,16,28,23,15,30,32,26,20,30,27,29,23,28,17,25,20,24,18,17,18,27,23,26,20,28,12,24,7,19,13,16,8,20,11,23,13,14,4,13,7,14,5,12,3,15,1,8,4,8,1,2,3,4,1,4,0,1,1,1,0,1,0,2,0,1,0,0,0,0,0,0,0,0,2976,
131199,140,東京都,板橋区,2022/12/31,幸町,5553,2699,2854,15,16,17,21,9,19,11,15,26,18,24,16,20,25,17,17,22,14,23,19,20,20,14,17,17,16,31,14,25,16,17,16,16,22,21,15,18,18,27,32,28,28,28,35,28,24,44,40,40,36,32,41,36,47,37,47,36,28,42,39,44,30,54,41,29,36,32,42,36,30,38,33,33,35,32,32,28,40,42,36,37,37,44,43,50,33,47,40,32,35,49,39,51,28,41,37,51,37,44,55,38,35,48,42,34,47,46,37,29,46,33,34,28,27,46,33,42,35,33,29,52,32,29,31,26,22,26,33,28,30,37,27,27,28,23,21,18,25,33,27,27,32,20,27,34,39,34,34,29,37,36,47,24,30,19,31,28,43,26,24,21,48,20,46,20,30,22,33,10,29,18,25,13,30,11,24,17,32,10,19,9,15,5,12,2,14,5,13,4,10,1,3,1,4,0,3,1,3,0,0,1,1,0,2,0,1,0,2,0,0,0,0,3213,
131199,150,東京都,板橋区,2022/12/31,中板橋,4037,1914,2123,6,15,11,7,12,11,9,8,9,17,10,14,12,15,13,20,14,17,15,22,19,9,22,6,15,8,11,4,9,15,15,9,9,9,13,8,7,15,14,9,16,20,20,29,19,28,29,47,25,34,38,51,35,59,44,56,33,35,40,34,31,32,27,41,14,25,22,25,29,41,28,32,27,27,30,31,37,40,21,31,22,33,25,32,40,31,37,34,37,30,31,23,41,26,29,23,28,30,27,40,38,38,38,28,30,29,33,30,31,31,37,27,23,21,31,31,26,20,17,24,22,19,17,17,17,14,23,17,19,16,22,14,13,21,12,15,25,18,23,16,22,21,12,21,26,20,27,17,20,30,19,27,14,16,14,13,18,12,17,19,19,28,14,14,8,15,8,22,9,21,8,15,6,17,9,10,7,18,2,10,2,10,2,7,1,9,3,6,1,6,0,4,2,5,0,2,0,2,0,1,0,1,0,0,0,0,0,0,0,0,0,0,2550,
131199,160,東京都,板橋区,2022/12/31,仲町,3929,2011,1918,12,9,14,12,17,10,13,13,11,12,13,14,13,10,15,14,9,14,13,10,10,13,9,14,14,8,15,10,9,10,14,11,9,13,11,7,9,12,16,18,18,11,22,21,21,20,32,22,35,25,43,24,33,35,30,25,38,30,37,31,24,37,42,35,26,16,21,29,26,25,21,22,27,25,27,25,34,26,39,30,27,28,33,29,30,28,36,26,35,31,33,27,31,32,32,24,34,25,29,28,21,35,30,23,38,18,29,35,30,22,36,17,20,15,30,14,33,17,31,18,21,18,17,17,23,23,16,17,19,17,23,18,23,19,22,19,26,20,20,22,21,24,25,22,27,21,40,26,29,18,25,26,15,19,13,24,23,26,10,19,18,18,17,21,14,18,8,16,9,25,8,12,9,12,6,13,3,15,4,22,4,20,2,12,2,8,3,8,2,10,1,10,1,6,1,3,1,4,0,3,0,2,0,2,0,1,0,0,0,0,0,2,2452,
131199,170,東京都,板橋区,2022/12/31,弥生町,5585,2748,2837,9,17,13,7,18,9,10,13,21,12,17,16,22,17,30,17,26,24,29,19,23,27,22,21,23,21,14,16,21,8,9,18,12,17,13,12,10,13,26,17,22,38,26,26,38,45,59,73,72,62,56,67,74,74,50,62,57,49,40,48,44,45,42,63,44,51,32,49,34,35,31,50,34,40,47,41,45,45,36,36,38,56,51,38,42,43,42,38,54,36,43,33,41,45,41,37,37,41,43,36,42,34,42,46,36,35,36,47,38,29,40,24,32,24,31,31,31,30,42,26,36,27,25,32,30,31,28,21,35,21,34,19,18,24,20,12,18,34,32,28,32,24,23,28,33,29,34,35,27,25,30,42,25,18,22,23,16,24,25,26,26,27,21,23,10,18,15,11,12,18,11,29,14,16,6,18,6,18,5,15,10,12,6,14,2,11,2,6,2,6,1,9,0,6,1,3,1,2,0,0,0,1,0,0,1,1,0,0,0,0,0,1,3438,
131199,180,東京都,板橋区,2022/12/31,本町,6812,3185,3627,28,29,26,29,19,23,15,25,23,17,21,19,24,15,25,20,28,20,16,26,25,16,19,20,17,16,15,21,18,26,17,15,22,17,20,21,19,23,20,23,19,33,37,55,56,71,68,77,80,88,70,89,59,107,67,110,60,89,71,86,63,68,63,75,52,79,50,48,60,81,54,63,57,59,55,49,45,54,58,40,48,47,41,47,43,50,48,50,62,49,57,52,49,53,41,53,51,46,48,50,42,47,53,34,43,45,50,58,48,30,52,49,40,23,35,31,46,42,36,32,28,42,24,26,32,38,29,33,43,32,31,33,34,27,32,20,20,25,28,29,27,38,22,29,25,29,31,41,31,39,34,39,15,27,20,25,24,33,19,29,24,30,15,30,11,18,13,23,16,13,8,19,14,14,10,21,8,14,6,17,4,12,2,15,4,8,0,8,2,7,1,3,0,5,3,1,1,1,0,3,0,0,0,1,0,0,0,0,0,0,0,0,4170,
131199,190,東京都,板橋区,2022/12/31,大和町,5160,2462,2698,7,17,21,14,12,9,8,11,11,15,13,12,18,14,9,8,14,10,7,15,23,12,11,13,12,10,13,17,18,9,14,19,12,15,7,19,17,15,32,26,18,26,30,30,30,46,47,42,48,63,52,65,61,55,41,71,64,59,47,64,43,53,44,47,45,54,40,44,37,37,29,36,30,44,45,45,40,32,38,46,25,40,31,35,27,36,38,21,41,21,37,40,27,39,34,36,37,32,34,39,39,46,40,41,40,46,30,37,38,28,35,28,31,27,32,29,34,26,25,21,31,27,31,24,36,20,21,26,27,28,28,22,28,22,33,18,21,26,18,23,28,32,24,30,32,26,31,38,32,41,39,43,21,21,22,15,20,30,31,27,15,21,8,21,17,20,9,17,18,15,10,21,9,18,7,23,7,27,5,8,7,5,3,8,3,12,1,3,4,8,0,6,1,6,0,4,1,2,0,3,0,0,0,1,0,1,0,0,0,1,0,1,3289,
131199,200,東京都,板橋区,2022/12/31,双葉町,5232,2590,2642,17,11,18,14,19,21,17,14,16,15,17,16,21,19,17,11,14,14,20,18,17,17,21,16,13,16,17,31,14,13,19,20,23,15,9,17,22,15,20,18,17,22,26,28,36,42,39,41,40,42,41,47,45,55,58,55,40,47,48,37,31,45,43,43,32,41,28,32,33,42,38,31,31,50,38,31,37,33,37,41,42,38,37,39,39,43,33,34,44,35,51,36,39,29,47,33,37,46,48,46,49,48,40,30,36,33,38,26,41,36,32,38,31,29,39,36,41,33,24,27,25,34,23,26,33,18,30,37,33,26,26,19,17,19,28,24,29,27,23,25,29,29,40,29,29,31,45,44,33,23,32,41,24,23,21,21,20,29,18,20,27,24,16,21,24,26,10,15,6,17,11,16,15,24,10,14,9,9,6,12,8,7,5,6,2,14,0,9,0,9,2,3,0,5,1,5,1,4,0,2,1,3,1,0,0,1,0,0,0,0,0,0,3132,
131199,210,東京都,板橋区,2022/12/31,富士見町,4508,2074,2434,16,6,12,12,11,16,6,15,14,12,9,19,17,16,19,14,16,14,13,17,11,10,15,13,10,11,20,14,12,8,16,11,18,14,17,17,11,13,16,19,18,19,14,30,22,39,20,33,33,38,48,38,27,44,35,48,26,38,33,33,28,36,36,26,30,35,23,28,32,28,21,17,30,24,19,31,31,35,20,25,27,30,32,28,30,30,25,31,31,25,18,30,27,27,29,32,37,27,36,33,22,33,33,33,26,39,20,26,30,42,43,28,19,18,35,25,22,34,29,21,25,24,28,26,16,21,31,20,18,31,16,22,27,22,22,29,19,22,30,28,27,25,29,32,28,33,31,32,33,47,37,49,24,25,21,32,16,27,23,37,31,28,23,25,18,25,19,32,12,33,13,31,13,26,13,29,4,24,6,18,5,14,6,6,5,14,3,7,2,7,1,8,1,4,1,2,0,3,0,2,1,2,0,0,0,0,0,0,0,1,0,1,2774,
131199,220,東京都,板橋区,2022/12/31,大谷口上町,4155,2134,2021,19,7,12,8,14,13,11,15,14,14,14,15,13,19,10,18,18,22,18,16,14,19,11,11,17,9,12,13,16,10,16,8,18,12,16,7,13,17,20,16,20,19,19,18,15,19,22,14,27,23,31,32,32,36,28,33,33,31,27,22,34,33,32,22,22,27,24,29,36,24,30,23,37,28,23,32,42,32,24,22,29,22,30,22,35,28,33,35,31,31,30,25,32,22,33,26,39,25,43,30,34,26,26,27,31,23,36,27,38,18,30,39,39,16,32,22,26,16,21,24,26,30,16,25,23,20,25,19,28,18,25,25,21,16,21,24,20,20,26,16,22,27,30,26,31,23,20,24,28,24,28,27,26,25,11,18,26,23,24,28,16,24,22,31,15,25,16,16,6,27,14,27,11,22,10,15,9,14,7,13,5,19,9,7,4,8,1,5,2,4,0,5,2,3,1,1,4,2,1,3,0,0,0,0,0,0,0,0,0,0,0,0,2403,
131199,230,東京都,板橋区,2022/12/31,大谷口北町,6256,3073,3183,14,19,17,15,20,17,19,17,15,19,20,18,20,22,23,14,30,23,29,21,26,24,21,22,21,22,15,22,18,26,18,17,24,14,25,25,27,29,28,20,33,22,37,41,36,42,36,60,51,71,42,56,56,52,40,52,42,66,43,40,54,48,53,46,50,42,44,36,41,31,37,43,46,47,47,50,42,35,40,37,36,45,49,35,58,41,34,41,40,38,46,32,51,44,47,49,48,53,57,36,54,55,57,37,51,50,43,56,44,39,44,45,31,31,48,42,48,38,49,50,40,40,47,37,37,29,38,26,37,28,37,33,27,29,27,19,24,32,33,32,31,30,32,31,38,36,37,49,31,32,35,46,14,29,27,30,26,26,25,41,14,45,29,31,25,35,11,31,13,25,19,21,15,32,21,25,13,20,10,11,5,15,6,11,6,13,2,8,2,4,1,7,1,3,1,2,0,1,0,6,1,0,0,1,0,0,0,1,0,0,0,0,3464,
131199,241,東京都,板橋区,2022/12/31,大谷口一丁目,2133,1115,1018,8,4,4,7,4,5,9,6,3,13,10,7,8,6,2,7,6,5,4,8,8,5,6,8,6,5,5,7,10,3,3,4,5,3,9,9,5,3,13,7,13,9,9,11,14,13,17,15,24,12,20,16,34,23,24,18,27,19,26,13,18,23,23,16,26,15,13,11,15,19,23,14,18,12,16,16,14,15,20,14,18,15,15,19,17,10,12,11,24,12,9,14,18,14,8,7,16,12,15,10,17,11,18,13,17,12,15,14,13,13,17,18,8,9,13,8,9,15,15,13,9,12,11,10,10,7,15,4,2,11,10,13,16,11,12,10,12,13,13,15,18,9,13,11,16,10,9,11,9,14,15,15,9,12,11,15,7,10,13,7,5,12,10,14,6,10,5,10,10,8,5,6,4,7,4,10,6,6,4,8,2,7,2,3,1,4,1,5,0,5,1,2,1,1,2,2,0,0,0,0,0,1,0,0,0,0,0,0,0,0,0,1,1274,
131199,242,東京都,板橋区,2022/12/31,大谷口二丁目,3667,1837,1830,10,10,10,9,20,12,10,12,10,14,11,9,9,13,19,6,16,11,9,8,12,8,19,11,14,12,10,8,13,17,13,10,15,14,14,19,13,15,18,14,19,13,21,23,28,21,34,29,26,19,33,33,23,38,31,34,34,37,34,20,33,27,21,20,19,27,20,26,34,30,27,25,23,23,26,22,23,23,22,21,25,18,36,29,24,32,27,15,30,21,32,21,26,24,27,27,32,35,27,21,23,25,31,23,27,18,31,30,30,16,21,30,24,30,34,22,20,25,24,31,25,20,24,22,30,21,16,26,24,18,18,19,17,18,16,26,19,11,24,17,17,17,25,21,21,26,25,25,25,21,22,20,16,12,11,19,8,14,11,16,11,20,9,16,8,17,10,18,10,15,11,13,5,14,3,17,3,10,6,18,11,12,1,6,0,11,1,4,0,6,3,1,3,2,0,1,0,1,1,0,0,2,0,1,0,0,0,0,0,0,0,0,2032,
131199,251,東京都,板橋区,2022/12/31,向原一丁目,2354,1149,1205,15,9,14,3,13,9,7,5,11,11,9,12,6,12,11,10,13,7,10,10,8,9,3,12,6,4,5,10,6,15,3,6,2,6,6,6,8,7,7,9,8,7,8,13,6,18,13,12,9,12,21,14,18,21,17,27,29,23,23,20,23,18,15,16,17,17,25,23,21,20,15,27,16,20,23,22,11,24,24,23,17,14,18,21,29,13,24,14,10,22,28,16,18,19,27,27,14,28,21,18,16,14,24,13,16,14,8,15,17,23,20,12,12,11,14,18,15,13,17,16,11,12,15,12,11,17,13,19,17,10,12,15,13,12,17,10,9,4,12,15,7,11,12,14,7,7,22,10,17,10,8,18,10,7,6,7,3,9,6,10,13,9,5,4,4,7,1,9,4,4,3,7,6,10,2,9,4,4,0,9,2,1,3,4,1,0,2,2,0,1,0,1,1,0,0,1,0,1,0,1,0,0,0,0,0,2,0,0,0,0,0,0,1284,
131199,252,東京都,板橋区,2022/12/31,向原二丁目,2569,1278,1291,15,16,6,12,14,12,9,7,13,12,5,7,8,4,8,7,10,4,2,7,7,5,10,8,4,6,6,4,13,2,5,4,9,6,2,7,4,7,13,8,10,6,13,14,13,14,17,17,12,21,32,35,27,22,28,34,28,53,36,28,27,25,40,36,21,33,27,30,30,23,35,32,29,20,27,20,20,18,18,20,27,22,22,18,21,18,21,16,26,29,19,19,21,8,21,17,27,22,23,14,17,20,19,14,12,19,17,13,10,10,18,13,15,15,13,12,22,15,15,19,15,11,15,11,6,12,13,13,9,14,11,7,10,10,8,7,6,10,11,10,9,12,9,8,9,12,15,12,11,11,7,11,9,4,6,6,4,9,9,12,6,12,5,13,3,7,5,8,3,8,3,12,1,5,4,3,6,8,3,7,3,2,0,3,1,3,0,3,1,7,1,1,0,1,2,2,0,1,0,1,0,1,0,1,0,1,0,0,0,0,0,0,1578,
131199,253,東京都,板橋区,2022/12/31,向原三丁目,3570,1657,1913,30,23,32,24,26,26,26,26,28,22,22,34,23,17,18,12,10,17,9,18,7,9,3,7,7,8,3,1,4,6,9,8,6,7,7,1,5,8,6,9,10,9,11,10,10,11,12,9,6,6,19,21,16,27,19,26,22,24,22,29,29,33,30,48,36,33,34,35,43,24,41,50,35,45,39,32,32,39,35,44,36,32,36,32,35,26,33,35,30,31,21,33,26,21,30,30,33,31,25,32,32,28,22,24,33,28,30,28,23,22,31,15,19,19,17,25,19,19,15,18,11,18,12,12,13,9,14,10,12,13,12,10,8,11,9,12,18,7,11,11,11,9,9,13,6,15,10,15,17,24,9,25,9,14,8,6,14,21,12,16,14,25,5,22,13,25,14,21,7,17,5,18,7,29,5,18,5,23,3,10,6,14,4,13,3,12,4,11,5,6,2,3,1,2,1,3,0,1,0,0,0,1,0,0,0,0,0,0,0,1,0,0,1936,
131199,261,東京都,板橋区,2022/12/31,小茂根一丁目,4085,1880,2205,10,14,16,11,10,6,14,8,10,8,6,8,10,11,10,9,7,10,12,8,12,14,8,9,7,10,5,9,13,12,13,8,8,15,15,14,14,12,16,23,12,17,15,28,27,27,37,48,41,40,48,46,33,50,42,48,50,45,34,62,40,51,42,39,42,40,34,36,35,37,26,40,26,32,34,39,38,27,35,32,34,31,23,30,30,31,25,29,31,30,23,39,19,30,21,41,34,32,30,29,35,25,28,29,25,37,31,33,39,27,34,35,21,20,30,30,36,26,18,24,28,38,16,24,23,25,17,17,16,17,12,20,15,23,15,19,14,20,12,14,15,17,22,27,16,21,24,17,14,22,17,22,10,13,8,10,11,22,9,21,9,9,9,14,8,15,13,15,7,12,3,15,12,13,4,15,3,14,5,10,7,12,4,11,2,8,2,9,0,1,3,3,0,3,1,1,0,3,0,0,0,1,0,0,0,0,0,1,0,0,0,0,2613,
131199,262,東京都,板橋区,2022/12/31,小茂根二丁目,4259,2063,2196,14,11,17,23,10,17,17,16,13,18,14,10,22,17,12,16,21,15,17,14,11,13,23,16,11,17,11,14,13,11,11,8,9,14,15,8,18,16,18,24,16,27,26,23,24,32,22,34,32,35,36,33,37,37,39,41,34,40,43,35,40,53,33,35,39,30,37,27,23,20,34,29,23,33,25,24,37,34,36,25,37,24,30,29,32,41,32,28,26,27,35,26,33,32,28,36,31,32,37,35,40,32,42,28,34,31,26,37,31,34,34,31,17,33,28,35,31,36,27,30,29,30,19,20,25,28,27,28,23,23,26,13,19,17,27,20,25,20,21,24,21,19,18,20,21,23,18,19,18,29,21,23,8,13,9,16,14,16,6,15,19,15,10,13,6,13,9,12,4,11,10,18,7,16,6,21,6,11,10,15,4,9,2,10,2,4,3,9,2,8,2,4,0,1,1,6,1,0,0,1,0,1,0,0,0,0,0,0,0,0,0,0,2339,
131199,263,東京都,板橋区,2022/12/31,小茂根三丁目,2849,1404,1445,5,6,9,12,8,5,17,7,17,5,11,14,7,7,14,14,10,10,16,16,16,13,12,15,14,12,14,12,9,15,13,13,15,10,8,14,20,13,15,9,9,16,13,18,13,16,13,26,18,18,22,12,18,20,16,12,18,16,9,15,20,12,17,26,14,12,16,15,24,15,16,19,13,23,29,19,21,20,21,25,14,26,19,23,22,10,21,27,19,17,19,20,29,27,24,29,25,28,30,41,20,26,31,24,22,24,26,22,27,28,23,23,25,23,19,20,18,22,16,22,19,21,20,18,19,27,21,14,16,14,17,10,17,17,11,7,12,13,18,15,15,22,20,15,22,24,10,18,20,23,16,12,12,11,9,3,11,18,10,6,9,11,5,9,4,6,1,3,6,8,2,11,4,4,6,7,1,2,1,3,4,2,2,3,2,3,0,4,0,2,2,0,1,0,0,0,0,0,0,0,0,0,0,0,0,0,0,0,0,0,0,0,1348,
131199,264,東京都,板橋区,2022/12/31,小茂根四丁目,3292,1519,1773,10,14,11,9,4,8,6,7,9,12,8,13,11,4,9,6,5,14,5,14,11,11,9,4,13,8,11,7,8,15,12,10,11,15,9,13,9,17,12,23,11,18,19,18,37,34,18,36,28,53,36,55,41,46,35,42,44,41,31,41,43,34,30,37,27,31,22,33,30,34,27,28,29,33,24,26,19,30,33,18,14,19,22,28,19,21,20,25,16,21,30,20,24,18,19,19,36,24,21,25,31,22,24,32,27,28,34,30,27,19,23,27,12,15,24,21,26,23,13,8,22,12,15,19,14,14,8,16,17,16,9,13,17,9,13,12,10,9,8,11,12,10,7,13,5,13,9,7,13,11,16,17,7,12,2,7,13,9,8,16,4,10,8,13,10,18,8,15,1,11,7,11,3,9,2,16,5,8,5,13,1,13,1,10,2,11,2,4,4,4,1,0,0,3,1,1,0,0,0,0,0,0,0,0,0,0,0,0,0,0,0,0,2015,
131199,265,東京都,板橋区,2022/12/31,小茂根五丁目,974,486,488,2,5,8,10,8,2,5,8,8,4,7,5,7,8,4,4,3,0,2,6,1,6,8,9,2,3,3,2,4,3,4,5,10,2,4,4,5,6,3,4,4,3,3,7,7,7,4,5,3,6,9,4,6,5,4,8,4,12,7,9,7,12,15,5,7,11,5,11,11,8,12,12,10,8,14,2,6,7,5,8,9,5,6,7,5,10,9,7,8,8,9,8,10,9,11,7,15,8,6,7,7,5,7,10,8,5,6,4,7,12,13,3,6,6,8,7,5,7,5,5,7,3,7,1,3,4,8,3,1,5,3,2,0,7,5,5,6,3,1,3,0,2,3,5,3,5,1,1,6,3,1,6,3,5,0,2,4,1,2,7,3,3,2,7,1,4,0,2,3,0,2,3,3,3,3,1,1,1,0,3,0,1,1,0,1,0,0,0,1,0,0,1,0,0,0,0,0,0,0,0,0,0,0,0,0,0,0,0,0,0,0,0,448,
131199,271,東京都,板橋区,2022/12/31,常盤台一丁目,4555,2195,2360,10,13,10,18,13,7,15,12,12,16,15,19,11,18,14,19,24,13,12,26,21,10,22,22,18,16,19,14,27,17,16,14,17,12,13,16,15,15,23,14,11,15,25,26,26,19,35,36,22,54,35,41,40,38,29,26,42,41,35,31,33,33,29,22,35,30,33,23,35,31,28,33,25,33,24,27,28,24,27,29,31,42,28,25,35,37,32,33,36,29,49,49,36,32,46,32,33,36,39,39,30,42,41,34,31,39,42,28,29,31,29,37,37,27,29,36,27,31,29,30,47,25,21,31,20,30,24,18,32,27,28,33,20,23,21,18,21,17,19,30,22,17,26,20,21,21,28,33,24,30,28,37,21,26,12,18,13,26,19,18,7,18,18,30,10,17,6,20,11,18,13,21,6,18,10,15,7,18,3,14,8,12,1,9,3,10,4,7,3,8,1,3,3,2,1,4,0,1,0,2,0,1,0,0,0,0,0,1,0,0,0,1,2609,
131199,272,東京都,板橋区,2022/12/31,常盤台二丁目,1956,915,1041,7,6,6,10,3,8,6,6,2,5,8,3,10,8,6,7,12,10,11,6,6,10,6,8,11,7,6,5,9,9,10,7,8,6,9,7,3,6,10,10,14,10,7,12,8,10,5,9,9,16,11,13,12,10,15,10,17,26,11,8,8,12,14,13,8,11,6,11,18,12,9,15,14,13,9,12,10,6,11,14,15,11,6,11,8,12,9,9,22,10,16,21,15,15,14,19,14,14,15,14,14,13,12,16,12,17,14,11,12,15,18,13,8,8,12,11,13,14,12,8,13,5,12,16,11,13,7,3,11,6,6,14,12,5,7,13,7,12,9,16,9,15,7,18,12,13,19,16,18,21,17,18,11,11,9,13,8,12,13,16,10,11,5,9,5,5,3,6,7,9,9,12,6,16,6,10,6,6,3,11,3,7,1,7,1,4,0,3,3,5,0,5,2,1,0,2,1,3,0,1,0,0,0,1,0,1,0,0,0,1,0,0,1030,
131199,273,東京都,板橋区,2022/12/31,常盤台三丁目,3241,1540,1701,8,15,10,15,10,11,13,9,10,11,9,6,16,9,7,8,14,10,14,8,14,10,12,9,6,6,11,4,7,6,12,9,6,9,10,15,7,5,9,10,14,14,17,25,15,21,18,38,31,28,24,41,26,41,21,34,25,29,30,33,24,33,30,28,20,22,16,24,15,23,34,26,17,22,23,19,15,22,32,29,22,20,13,19,15,21,28,18,17,25,28,22,20,14,21,17,25,25,23,20,31,26,22,21,20,29,28,19,26,31,26,24,22,12,21,16,21,15,22,16,22,18,15,16,15,13,20,16,17,20,14,19,21,10,10,15,15,17,15,24,21,16,26,21,14,24,21,15,20,18,20,20,14,15,6,6,11,16,23,16,12,27,10,15,9,18,8,12,7,15,5,14,3,16,8,17,6,13,4,16,3,8,5,13,2,5,3,3,3,10,3,1,1,7,2,3,1,0,0,2,0,2,2,0,0,0,0,1,0,0,0,1,1932,
131199,274,東京都,板橋区,2022/12/31,常盤台四丁目,2532,1202,1330,14,5,6,10,10,5,11,4,13,6,3,9,9,3,9,3,9,10,4,8,9,11,7,9,11,10,10,10,10,6,11,4,2,10,4,4,6,8,8,8,11,12,9,17,12,18,12,23,25,20,21,23,12,30,24,32,17,20,15,27,26,19,25,21,23,25,21,18,13,22,15,18,10,17,19,22,11,20,13,16,20,15,21,17,19,16,13,17,14,31,18,14,21,23,18,21,17,20,25,17,23,16,19,19,26,21,14,16,22,16,17,22,10,7,15,16,21,18,13,14,15,10,24,18,20,13,14,14,14,14,13,7,9,7,7,17,16,14,9,10,11,9,7,17,20,17,11,17,17,19,15,30,11,11,10,18,8,10,9,20,10,13,12,9,8,12,8,9,6,8,7,8,5,10,5,4,5,7,2,5,4,7,1,6,1,3,0,3,1,6,0,3,0,2,0,2,1,2,0,0,0,0,0,0,0,0,0,0,0,0,0,0,1554,
131199,281,東京都,板橋区,2022/12/31,南常盤台一丁目,4014,1861,2153,14,14,9,14,8,10,10,6,6,8,11,5,12,8,11,8,10,13,8,10,11,3,4,10,7,8,10,9,9,10,8,8,5,8,14,6,18,10,14,14,8,15,18,26,23,43,39,54,40,62,49,60,45,72,46,68,36,61,38,45,46,60,36,49,35,35,32,35,25,25,27,41,30,36,30,39,31,41,28,37,36,28,32,26,29,30,25,35,25,29,32,22,30,34,43,28,32,30,36,29,31,34,38,28,34,28,28,31,24,20,23,31,23,19,13,22,18,22,11,16,22,20,23,22,19,21,26,20,19,24,14,20,21,15,16,11,20,16,15,22,21,27,20,14,21,16,23,20,15,23,23,24,7,19,5,8,10,12,13,19,15,17,5,16,7,12,12,8,10,9,11,10,7,10,4,13,1,7,4,11,2,3,1,4,3,12,1,5,0,2,1,5,0,4,0,1,0,2,0,1,0,0,0,0,0,0,0,0,0,0,0,0,2735,
131199,282,東京都,板橋区,2022/12/31,南常盤台二丁目,3267,1600,1667,10,7,10,5,9,14,8,10,15,10,6,8,13,9,13,8,18,10,10,14,9,7,5,9,12,4,7,7,13,6,7,6,8,8,12,5,8,12,12,11,13,18,17,18,40,17,28,17,28,15,25,34,19,34,25,41,28,28,28,32,34,22,24,28,30,26,21,22,21,23,23,19,21,20,25,17,23,27,23,36,29,33,29,31,28,17,25,29,24,26,22,26,21,31,19,18,25,23,29,33,23,32,24,26,19,19,25,28,23,23,40,23,17,26,19,22,24,18,19,22,17,17,21,27,23,24,15,17,20,17,14,13,11,9,12,25,22,9,13,17,19,24,25,16,22,10,17,25,18,20,19,18,17,12,8,13,16,12,12,15,14,13,9,21,11,10,4,11,5,11,5,8,6,13,0,6,5,9,3,8,3,15,4,7,2,4,1,3,2,7,0,3,0,2,0,2,0,2,0,1,0,0,0,1,0,0,0,0,0,0,0,0,1990,
131199,291,東京都,板橋区,2022/12/31,東新町一丁目,5159,2519,2640,11,14,17,14,16,15,14,17,11,17,23,14,13,21,22,16,17,15,23,7,28,12,7,15,16,23,21,13,16,18,23,18,22,14,11,16,24,20,22,14,22,26,21,33,35,42,50,59,35,70,63,63,57,53,47,46,49,52,46,53,42,56,34,59,35,47,38,34,48,49,39,30,47,47,32,37,35,42,34,40,39,37,31,33,45,42,36,39,35,51,42,40,40,35,47,40,51,29,29,40,43,31,36,27,28,41,32,46,50,32,43,34,25,19,32,30,38,25,32,26,18,32,28,21,26,19,15,21,20,32,19,14,16,23,24,20,35,22,35,18,16,22,27,21,25,26,25,32,21,39,29,31,15,12,14,17,26,17,15,21,23,26,19,16,18,12,7,17,9,16,9,19,9,21,13,15,7,9,7,14,10,9,3,9,3,11,5,8,4,11,2,5,2,3,0,4,0,3,0,1,0,1,0,1,0,1,0,0,0,0,0,0,3084,
131199,292,東京都,板橋区,2022/12/31,東新町二丁目,4339,2139,2200,12,20,11,16,14,13,12,13,15,15,11,24,17,5,18,18,19,12,14,16,21,9,21,18,14,22,12,15,23,18,18,16,18,23,18,20,24,17,25,18,23,28,23,21,17,26,28,28,28,26,25,28,22,31,29,21,31,31,22,28,23,24,33,29,13,26,28,23,23,23,29,26,22,26,31,17,33,36,27,26,25,29,43,33,31,26,34,27,23,33,44,30,31,33,32,38,26,37,38,42,39,34,41,29,36,42,38,24,35,35,32,40,22,31,44,25,40,31,34,25,33,27,30,28,26,21,26,26,28,31,23,33,21,20,31,27,20,20,32,16,23,21,26,15,24,23,27,15,22,34,25,23,17,18,12,21,17,18,21,21,14,27,13,18,16,16,11,19,14,14,8,17,10,18,4,20,6,14,6,15,3,10,6,8,2,10,2,8,2,20,0,5,2,1,1,3,0,2,0,0,0,1,0,0,0,0,0,0,0,0,0,0,2182,
131199,301,東京都,板橋区,2022/12/31,上板橋一丁目,2041,967,1074,5,2,2,6,8,6,6,5,1,3,3,1,7,5,6,4,1,5,5,3,5,4,5,2,5,5,8,4,6,6,3,8,3,3,5,1,7,12,5,5,5,11,5,9,19,15,17,16,18,22,20,29,18,28,19,23,13,36,18,26,16,18,13,24,15,21,18,23,15,10,11,19,16,14,11,12,12,17,7,14,11,12,15,18,12,18,20,14,13,9,12,17,13,19,13,11,17,15,20,17,13,14,16,12,13,14,10,15,9,13,8,4,12,10,11,10,16,17,10,7,11,11,16,8,12,5,16,8,14,8,8,9,9,5,13,14,15,15,10,11,14,10,14,14,18,16,13,12,18,14,17,14,10,16,10,8,13,10,8,17,12,8,9,5,2,8,6,3,3,8,7,12,2,6,5,9,5,8,1,8,3,6,0,5,2,1,3,2,0,5,1,4,1,3,0,3,0,0,0,1,0,0,0,1,0,0,0,0,0,0,0,0,1316,
131199,302,東京都,板橋区,2022/12/31,上板橋二丁目,4430,2078,2352,12,10,12,9,12,8,10,10,6,8,12,8,5,13,13,17,13,10,6,16,14,10,8,4,10,8,10,19,8,14,6,12,14,20,11,18,16,11,10,26,24,17,21,17,18,30,30,42,30,35,30,48,28,46,27,35,30,36,33,52,26,37,29,37,31,30,36,32,33,35,37,30,25,22,28,29,32,33,30,26,36,29,28,23,30,29,29,30,30,27,28,30,31,37,43,36,35,45,36,42,29,42,37,38,32,39,37,32,30,38,30,41,40,21,29,37,28,43,40,26,35,26,35,24,30,30,34,28,26,15,18,26,31,22,20,17,20,18,21,21,17,21,22,28,32,29,28,37,24,30,30,43,25,24,20,18,30,18,14,21,15,30,17,23,17,25,12,20,7,14,6,25,11,11,8,14,6,18,4,18,6,12,4,10,2,10,4,4,1,3,0,4,1,4,0,4,0,1,0,0,1,0,0,1,0,0,0,0,0,0,0,0,2708,
131199,303,東京都,板橋区,2022/12/31,上板橋三丁目,2193,995,1198,2,4,5,12,3,9,3,9,6,5,6,4,4,4,3,3,6,6,7,3,4,6,5,3,0,7,2,3,8,1,2,2,4,5,7,3,5,10,6,5,6,8,11,16,12,21,15,30,16,29,21,27,21,36,18,28,22,28,22,23,16,24,23,18,13,24,16,25,14,22,24,16,23,16,21,14,11,16,14,10,17,16,32,14,11,15,13,13,8,14,18,11,10,20,19,15,19,13,21,15,16,18,12,14,11,14,15,13,11,18,13,16,10,10,14,14,15,11,11,16,9,16,8,9,4,16,17,10,10,13,13,10,12,12,16,13,6,17,11,6,11,8,14,13,8,16,13,9,13,14,16,15,10,8,7,9,2,13,6,14,3,14,7,13,11,8,8,3,5,9,6,7,5,17,2,10,5,5,5,11,4,6,1,6,1,6,0,2,0,4,2,6,1,1,0,1,0,2,0,0,0,0,0,0,0,0,0,1,0,0,0,0,1473,
131199,310,東京都,板橋区,2022/12/31,清水町,6316,3073,3243,15,15,19,23,15,13,24,26,22,30,18,31,32,29,31,27,30,34,31,32,36,30,27,27,21,17,16,22,20,13,18,16,22,14,7,9,17,10,18,16,25,25,43,26,41,44,45,55,55,70,62,73,73,70,55,78,52,74,45,69,51,75,47,66,51,37,46,37,47,46,39,52,49,46,41,56,41,52,61,58,54,53,40,40,51,39,42,53,62,58,56,47,61,62,49,52,50,42,57,56,48,41,46,51,54,39,41,51,39,50,40,29,29,21,41,19,26,25,27,37,24,29,25,29,36,18,27,27,21,31,27,18,22,36,27,22,22,32,30,33,41,27,23,24,46,26,49,40,39,29,32,32,26,24,15,12,19,29,23,27,22,30,16,26,15,32,19,21,24,18,15,18,13,18,13,22,9,21,6,16,5,16,7,13,5,8,2,6,3,8,2,8,0,2,2,3,0,1,0,1,0,1,0,0,0,0,0,1,0,0,0,0,3805,
131199,320,東京都,板橋区,2022/12/31,蓮沼町,5221,2538,2683,11,14,11,16,7,19,12,14,12,17,16,14,13,18,14,12,22,27,11,14,16,14,11,11,13,11,14,10,16,13,13,10,15,14,16,14,19,22,21,17,26,20,28,27,39,40,46,54,54,66,52,59,49,59,48,48,45,51,59,49,35,51,47,53,45,55,36,34,31,32,41,37,34,40,30,39,23,35,48,35,27,38,34,37,34,28,34,32,45,43,28,27,40,29,41,39,46,39,42,42,39,35,43,38,36,30,29,40,27,33,53,27,23,17,33,39,27,35,27,24,18,25,31,33,33,30,28,21,36,23,26,28,20,15,22,23,30,29,28,28,28,24,36,23,26,38,41,31,36,34,29,47,20,21,20,24,26,24,37,30,23,24,20,32,20,21,9,22,17,13,16,18,10,20,11,23,9,14,7,27,4,7,5,14,2,6,1,7,2,6,2,6,0,6,0,1,0,2,0,3,1,2,0,0,1,1,0,0,0,0,0,0,3241,
131199,330,東京都,板橋区,2022/12/31,大原町,4430,2203,2227,10,11,10,4,14,9,7,9,10,13,19,11,13,7,14,21,19,15,20,19,24,20,23,25,19,12,17,21,20,19,21,21,19,22,24,19,27,23,28,20,28,34,45,24,40,31,27,38,44,29,27,37,45,40,35,22,38,32,20,32,36,28,28,33,25,23,25,28,29,21,24,25,26,27,22,26,28,29,35,27,23,19,20,24,37,28,29,43,32,33,24,34,31,39,41,40,41,46,31,41,51,35,37,50,45,43,43,46,36,34,43,31,34,32,39,40,34,25,33,24,31,31,21,23,28,18,17,27,22,24,23,22,12,23,24,22,28,19,19,16,25,27,20,20,29,35,20,21,23,17,28,22,18,20,10,13,7,15,17,19,14,29,15,11,14,15,4,12,9,11,5,11,4,10,7,14,6,7,3,13,2,9,2,8,3,5,1,4,1,7,0,5,0,3,0,1,0,0,1,3,1,0,0,0,0,1,0,0,0,0,0,0,2331,
131199,340,東京都,板橋区,2022/12/31,泉町,3442,1787,1655,7,9,12,11,6,8,13,7,12,5,19,19,10,6,12,11,15,10,13,8,7,4,7,9,6,10,14,14,11,12,12,10,15,5,10,11,18,9,15,8,18,12,23,14,33,23,35,35,42,50,48,46,66,29,37,32,43,32,31,26,29,28,39,26,25,21,23,26,17,22,25,18,30,30,24,23,21,21,16,24,25,19,23,25,11,18,17,22,30,25,24,22,25,21,31,26,24,26,26,29,34,18,32,15,27,25,24,25,26,29,20,17,22,11,24,29,25,18,15,20,24,18,23,13,13,21,23,19,24,12,12,20,23,14,21,11,18,15,16,9,21,17,20,19,19,24,22,22,28,26,21,23,8,9,5,20,12,9,19,13,9,18,7,9,10,10,5,19,6,13,5,10,5,9,6,13,3,9,5,7,5,4,1,5,1,8,1,5,1,5,0,5,0,4,1,1,0,1,0,0,0,2,0,0,0,0,0,0,0,0,0,0,2080,
131199,350,東京都,板橋区,2022/12/31,宮本町,5345,2654,2691,11,12,11,11,15,14,11,11,13,14,9,13,14,16,16,5,11,13,14,13,17,17,22,15,28,15,16,19,22,16,15,16,15,22,17,22,30,10,36,28,49,33,23,36,47,50,60,61,61,62,52,60,64,73,59,66,60,54,51,50,43,40,50,52,46,42,39,42,36,36,35,32,43,26,33,33,44,34,34,27,22,31,29,36,33,39,32,28,32,23,35,36,38,30,44,43,32,39,46,37,44,44,52,30,49,48,48,37,47,33,42,48,32,30,33,28,33,32,28,34,25,24,18,18,22,32,27,16,28,40,21,20,14,22,21,32,23,22,21,19,29,35,30,28,31,28,26,14,39,36,20,33,28,23,19,18,17,25,25,24,22,25,24,32,14,29,13,26,13,25,8,19,9,19,10,14,5,17,7,5,7,11,7,13,3,2,2,7,0,2,1,6,1,3,0,3,0,2,1,2,0,1,0,0,0,1,0,0,0,1,0,0,3274,
131199,361,東京都,板橋区,2022/12/31,志村一丁目,5302,2531,2771,16,13,19,13,11,15,13,15,15,20,12,10,20,11,12,6,22,22,13,20,18,16,17,18,17,15,14,17,19,14,13,14,11,22,22,8,24,17,15,17,28,27,32,17,26,43,40,66,43,43,34,52,54,35,42,47,55,43,34,44,38,39,30,32,28,36,34,35,31,34,32,34,21,23,34,24,34,31,32,32,31,31,26,21,27,39,33,40,42,33,31,38,44,36,31,44,38,32,46,42,44,40,37,54,39,43,45,43,43,41,36,40,25,21,36,28,45,46,35,33,38,33,36,32,36,25,33,37,32,27,29,19,29,19,27,33,29,35,34,36,28,33,24,47,38,44,37,42,42,48,49,41,30,24,21,37,26,28,18,39,23,36,10,28,16,28,12,18,8,18,16,27,9,30,10,13,3,14,9,19,3,17,3,13,3,11,2,5,3,9,0,3,3,5,2,6,1,2,0,0,0,0,0,2,0,1,0,0,0,0,0,2,3084,
131199,362,東京都,板橋区,2022/12/31,志村二丁目,4247,2076,2171,14,13,16,6,11,13,12,11,16,12,13,20,19,12,22,19,18,10,21,20,12,15,18,10,15,15,18,12,17,20,17,19,19,17,13,16,19,21,18,14,28,24,26,21,21,26,26,38,35,30,25,28,23,26,24,29,27,35,26,20,24,25,18,23,31,19,26,24,9,27,24,22,17,16,24,25,30,26,19,24,32,26,17,27,22,29,42,28,31,24,27,27,38,26,31,38,43,39,34,31,30,45,35,33,43,34,34,33,40,45,31,31,38,30,34,44,32,25,34,28,23,29,30,38,26,25,24,27,23,31,27,26,24,26,21,25,25,31,21,28,21,20,29,24,32,44,35,25,27,27,33,32,20,23,11,12,25,17,15,19,14,20,12,23,10,14,14,12,9,16,8,11,7,14,8,17,5,12,4,8,3,14,3,6,3,4,2,7,2,8,1,3,0,1,0,1,0,0,0,4,0,1,0,0,0,0,0,0,0,0,0,0,2159,
131199,363,東京都,板橋区,2022/12/31,志村三丁目,3213,1563,1650,6,3,8,7,12,11,9,8,13,10,12,9,9,15,5,12,23,11,14,4,13,8,19,8,12,9,17,7,10,12,13,5,4,7,8,8,6,11,11,10,10,11,16,16,16,19,22,21,21,24,22,32,26,27,28,33,26,35,31,40,20,20,18,20,26,19,30,21,18,14,17,19,23,20,25,18,23,19,20,15,27,20,17,28,23,30,19,20,27,31,26,21,23,27,33,27,28,23,24,21,25,31,17,21,24,20,23,26,27,25,29,21,13,18,22,25,12,14,19,17,19,16,18,10,16,17,16,12,17,25,15,16,15,14,15,16,20,11,13,12,14,19,13,17,16,21,27,28,25,34,22,26,16,17,7,19,22,26,20,20,10,22,15,16,9,20,9,13,6,11,15,19,5,12,7,18,6,12,7,9,3,6,1,10,1,9,1,1,1,5,1,3,0,0,0,1,0,1,0,0,0,2,0,0,0,0,0,0,0,0,0,0,1922,
131199,371,東京都,板橋区,2022/12/31,坂下一丁目,5678,2635,3043,10,16,12,14,19,11,9,16,16,15,19,17,19,15,21,17,23,18,15,18,19,18,12,16,24,17,11,17,21,18,15,11,16,18,19,18,21,24,18,31,32,39,32,38,33,39,27,53,39,57,56,49,43,75,42,42,43,54,46,47,29,44,35,39,24,38,25,26,35,24,39,37,27,37,27,34,39,38,23,33,26,40,42,27,32,35,36,34,34,41,28,37,52,41,34,43,44,30,35,48,59,42,45,54,54,48,42,50,35,41,42,44,26,40,28,35,38,30,39,28,24,30,30,27,34,41,35,32,29,35,28,28,19,34,32,38,26,27,28,27,41,46,45,25,42,36,44,60,49,52,33,43,38,40,25,33,28,34,30,27,16,35,23,33,18,28,21,36,18,23,18,31,15,32,13,31,5,15,1,13,5,8,3,18,5,10,3,9,3,10,0,6,1,4,0,2,1,3,0,1,0,2,0,0,0,2,0,0,0,0,0,0,3293,
131199,372,東京都,板橋区,2022/12/31,坂下二丁目,6503,3079,3424,32,25,26,37,21,19,36,26,17,26,23,18,23,25,23,16,21,19,19,29,20,29,25,19,26,28,18,31,26,23,26,31,32,32,32,27,27,24,33,32,26,31,25,34,40,43,26,45,40,34,46,49,35,46,45,42,38,53,36,56,52,61,41,44,61,55,35,46,54,53,47,47,41,53,46,27,48,41,48,51,37,47,38,32,46,44,38,33,53,51,51,56,57,50,51,50,56,59,55,59,51,69,62,45,53,43,61,53,43,53,48,54,36,37,53,40,42,39,35,45,38,39,31,36,24,27,34,37,33,30,25,37,26,26,28,40,34,33,37,45,29,38,27,36,38,42,39,51,36,34,35,37,28,30,21,29,24,33,24,29,20,38,31,39,19,25,12,23,8,17,14,21,15,28,13,26,9,24,6,15,5,19,3,11,7,12,2,8,0,4,0,4,1,5,1,1,0,1,0,4,0,1,0,1,0,1,0,0,0,1,0,0,3348,
131199,373,東京都,板橋区,2022/12/31,坂下三丁目,7568,3616,3952,25,22,25,22,25,35,37,20,21,26,29,32,40,35,23,38,41,27,35,46,31,37,27,34,38,31,30,34,29,28,25,33,26,14,27,21,24,28,24,31,40,30,31,35,45,44,30,47,35,47,39,50,34,49,38,51,41,33,32,40,32,37,44,34,39,46,37,34,54,49,35,45,40,40,39,41,51,49,60,61,58,52,56,61,61,69,62,60,62,45,68,57,70,61,59,65,72,76,48,54,82,65,65,55,48,65,60,44,57,49,52,56,32,41,50,39,42,50,33,40,44,41,45,41,28,39,31,32,35,27,30,23,42,42,37,43,27,51,44,42,39,42,43,38,75,55,57,74,61,61,70,85,37,52,38,50,36,44,43,58,38,51,36,49,27,37,20,38,10,34,22,32,18,36,21,40,7,16,8,23,13,15,7,18,3,9,2,12,0,10,4,10,3,9,0,6,0,2,0,4,0,0,0,0,0,0,0,1,0,0,0,0,3896,
131199,381,東京都,板橋区,2022/12/31,東坂下一丁目,2320,1122,1198,9,6,12,7,12,5,19,14,11,10,7,9,21,13,17,12,9,18,16,17,12,11,9,9,9,13,10,15,9,9,11,12,4,11,10,10,12,11,12,9,11,6,12,10,15,13,10,16,11,9,13,9,7,17,12,11,9,8,11,19,14,12,16,15,13,9,11,9,15,22,11,15,11,27,22,24,17,17,27,23,16,27,17,19,12,19,36,16,26,27,24,28,27,21,23,20,24,18,21,23,19,26,13,13,17,18,17,14,14,16,20,25,10,17,14,11,21,7,12,14,12,11,12,4,7,11,9,8,12,12,12,8,7,11,8,18,9,6,13,10,7,10,11,21,4,13,15,7,11,23,10,10,11,17,9,8,4,15,11,11,5,5,5,7,7,6,4,2,2,4,5,10,5,5,4,8,1,5,3,4,1,3,0,4,1,2,1,1,0,0,1,2,1,0,0,1,0,3,0,0,0,1,0,0,0,0,0,0,0,0,0,0,1099,
131199,382,東京都,板橋区,2022/12/31,東坂下二丁目,1899,907,992,8,9,8,6,6,7,8,10,9,11,11,10,10,5,15,6,6,18,8,5,8,6,2,5,5,6,6,5,7,4,5,4,4,5,5,2,10,6,1,9,5,8,6,9,7,11,19,13,10,19,17,16,14,19,19,16,14,19,17,16,23,28,21,17,18,13,13,17,10,16,12,12,15,13,26,16,14,15,17,10,13,25,19,21,25,20,14,16,13,12,12,9,18,11,11,11,13,17,9,11,16,16,18,17,12,12,9,10,10,10,13,8,12,9,11,9,4,8,8,8,11,7,17,6,9,9,4,11,8,7,10,6,4,13,6,8,12,7,11,12,14,8,11,10,8,18,8,14,10,22,11,13,11,9,2,2,9,14,7,8,7,10,5,16,4,5,1,2,1,3,1,5,1,4,3,7,0,4,0,4,0,1,1,6,0,5,0,2,1,4,0,1,0,0,0,4,0,2,0,1,0,0,0,0,0,0,0,0,0,0,0,0,1073,
131199,391,東京都,板橋区,2022/12/31,小豆沢一丁目,4960,2396,2564,21,23,20,23,28,24,28,39,35,37,55,40,45,43,44,36,39,27,27,25,26,25,16,19,27,22,20,13,19,18,20,20,11,17,13,11,21,10,15,20,23,19,20,21,16,27,23,18,37,19,36,31,29,35,19,33,31,24,25,19,19,29,28,29,41,45,21,47,34,21,32,42,36,45,50,43,48,39,50,51,55,56,42,52,43,49,72,59,49,45,45,46,51,47,38,34,39,36,36,43,43,40,36,32,43,34,29,38,32,34,33,26,24,29,29,30,26,28,36,27,20,29,15,21,30,24,26,23,24,22,17,15,14,16,12,21,18,23,11,14,17,23,16,24,24,24,18,18,17,32,22,27,10,18,6,17,15,25,11,23,19,13,17,26,11,25,14,14,6,24,8,25,6,10,5,15,5,12,2,9,2,5,1,8,2,6,1,6,1,1,1,5,2,4,0,1,0,1,1,1,0,0,0,0,0,0,0,0,0,0,0,0,2461,
131199,392,東京都,板橋区,2022/12/31,小豆沢二丁目,5293,2538,2755,12,15,15,14,16,19,20,12,20,19,23,19,14,12,34,23,24,20,25,28,31,24,22,23,30,24,17,25,21,26,21,31,22,26,13,28,17,25,17,19,22,24,28,24,20,29,24,25,26,29,38,39,30,27,27,37,25,28,29,43,37,38,38,26,44,30,29,30,25,30,26,28,45,28,25,30,28,27,34,41,50,40,41,43,42,49,43,50,51,40,49,37,38,65,52,33,42,56,53,52,54,59,50,49,48,52,47,54,49,35,42,34,31,30,41,34,34,30,32,44,20,22,35,24,31,24,22,24,26,32,25,16,32,35,27,28,17,27,30,35,25,20,22,34,19,45,39,44,32,27,45,32,25,21,19,23,16,25,20,28,19,32,16,20,12,24,9,20,9,22,13,14,7,23,4,14,7,21,3,10,2,3,2,12,0,11,1,3,1,10,2,6,1,5,0,3,0,1,0,0,0,2,0,0,0,1,0,1,0,0,0,0,2748,
131199,393,東京都,板橋区,2022/12/31,小豆沢三丁目,1665,828,837,6,4,5,3,7,6,8,5,5,6,8,2,5,5,6,2,5,5,3,8,6,5,2,6,4,4,5,7,3,6,3,3,7,4,6,1,1,9,4,1,5,2,4,10,3,6,4,12,10,7,6,12,10,9,16,15,19,17,11,11,12,14,12,13,16,8,15,20,12,16,10,11,11,6,19,9,12,6,9,9,18,12,16,15,14,12,7,7,13,14,12,8,12,12,12,15,10,12,13,11,5,12,14,11,11,12,12,9,18,13,10,3,9,7,7,11,9,3,9,9,9,12,11,12,13,11,9,5,9,14,10,13,12,8,15,17,10,10,18,12,9,6,10,12,8,11,16,13,20,23,12,15,7,8,7,8,7,10,9,17,12,17,5,4,5,6,4,11,5,3,4,9,10,6,4,6,3,6,2,4,2,3,2,2,0,3,1,0,0,0,1,2,1,2,0,0,0,2,0,0,0,0,0,1,0,0,0,0,0,0,0,0,962,
131199,394,東京都,板橋区,2022/12/31,小豆沢四丁目,3907,1945,1962,6,8,10,13,9,13,13,11,11,5,12,18,19,14,17,20,13,20,17,12,13,13,12,9,20,11,11,10,16,9,13,9,14,17,23,9,14,14,23,23,27,20,23,31,26,39,17,33,40,49,34,28,35,39,22,40,35,34,32,28,30,32,27,25,31,34,19,23,28,27,21,19,18,18,41,17,27,28,26,31,36,23,33,44,34,27,30,23,38,31,22,24,35,22,30,29,21,27,42,36,37,35,25,34,29,29,29,28,26,32,31,30,14,14,27,25,44,28,30,24,27,20,26,12,18,19,15,13,15,21,14,15,15,12,17,11,19,18,24,22,30,28,15,21,28,18,23,26,16,23,24,29,16,19,14,17,17,18,13,18,10,14,17,14,9,11,9,19,7,15,9,9,12,10,4,17,3,8,10,8,4,5,2,8,2,7,0,4,0,6,0,0,0,1,1,2,2,3,0,0,0,1,0,2,0,0,0,0,0,0,0,0,2201,
131199,401,東京都,板橋区,2022/12/31,西台一丁目,2836,1394,1442,11,7,6,12,10,9,12,9,6,10,10,13,12,16,13,15,11,7,15,20,7,11,12,18,17,11,13,13,15,17,10,5,9,11,16,11,14,13,15,14,18,13,12,9,17,19,28,19,20,19,20,17,11,19,19,18,18,16,21,17,20,20,20,17,20,16,17,21,15,18,21,13,16,10,23,22,25,12,23,22,14,16,16,10,18,16,20,27,18,20,21,18,20,18,20,18,24,19,26,17,21,23,23,21,25,9,12,13,10,16,18,20,20,6,15,22,25,16,13,16,18,23,17,18,22,17,16,16,14,14,15,13,7,10,18,21,7,20,10,19,15,20,10,13,19,10,21,26,18,25,19,15,16,12,12,14,12,12,13,20,11,15,8,14,16,16,11,15,5,8,10,15,4,18,7,17,4,11,5,11,5,10,6,6,0,7,3,6,1,4,0,5,2,3,0,0,0,1,0,1,0,1,0,0,0,0,0,0,0,0,0,0,1528,
131199,402,東京都,板橋区,2022/12/31,西台二丁目,4093,2107,1986,22,13,17,11,16,18,15,18,19,18,16,22,19,15,24,21,15,11,27,21,16,14,17,18,28,25,19,14,26,15,19,26,24,16,14,21,24,16,23,23,23,17,21,21,29,28,26,14,29,24,22,15,25,21,22,18,19,11,26,29,24,32,33,17,24,22,35,19,32,31,22,25,28,31,29,18,29,24,32,25,29,22,23,25,21,28,36,37,33,25,33,30,34,35,34,18,24,32,45,25,34,24,29,30,39,37,38,28,36,38,35,28,26,22,31,30,35,26,31,26,23,19,22,26,18,24,23,19,21,25,21,21,26,17,26,22,23,21,17,20,17,15,26,25,19,28,23,17,20,17,27,20,17,17,7,13,13,15,11,25,13,18,16,14,15,23,5,20,12,11,8,25,9,20,9,13,12,12,5,13,6,10,7,8,4,5,2,1,2,7,2,4,1,3,1,4,0,1,1,1,1,1,0,1,0,0,0,1,0,0,0,0,1989,
131199,403,東京都,板橋区,2022/12/31,西台三丁目,3688,1810,1878,5,19,6,9,13,10,10,13,18,10,14,13,11,8,12,22,17,5,12,16,21,8,16,20,30,21,14,15,25,17,20,14,12,20,14,18,17,14,16,19,15,14,24,22,22,18,16,22,20,24,18,24,23,23,28,27,25,22,15,20,20,23,21,16,14,14,28,28,21,13,22,15,30,35,25,30,20,23,19,16,32,20,24,18,17,29,23,31,25,24,26,26,32,33,40,26,26,23,24,28,33,33,25,24,28,32,26,27,37,26,30,23,30,23,21,31,28,34,31,24,35,21,18,19,22,13,20,15,26,22,15,18,18,11,15,19,9,16,19,27,21,15,24,25,22,20,18,22,23,17,30,28,16,10,16,11,16,19,10,20,15,20,10,18,13,18,8,24,14,18,12,21,7,16,9,17,7,11,11,14,5,15,4,13,4,11,3,7,3,8,1,7,3,7,1,5,0,2,0,0,0,2,0,1,0,0,0,0,0,0,0,0,1865,
131199,404,東京都,板橋区,2022/12/31,西台四丁目,2243,1008,1235,6,7,9,6,6,4,5,6,7,10,10,7,4,11,6,10,5,13,11,7,12,13,4,8,7,9,7,11,10,13,10,7,9,8,13,9,8,10,16,12,18,11,11,14,12,19,18,18,13,18,16,11,10,21,13,19,13,13,5,7,7,11,13,12,10,13,6,12,7,20,23,11,16,12,13,15,14,16,7,14,18,25,7,13,11,12,14,17,20,14,22,13,14,17,13,16,12,15,14,16,24,18,18,21,20,19,13,23,18,23,15,26,15,13,19,36,30,28,20,16,13,14,17,23,12,15,11,13,9,20,4,11,13,13,10,18,11,19,12,19,14,13,6,10,17,12,15,13,10,12,12,17,3,8,10,12,7,7,7,12,11,16,5,13,8,8,5,7,1,9,5,4,5,5,2,9,3,5,0,4,2,5,1,5,0,3,0,4,0,2,0,2,0,2,0,1,0,1,0,0,0,0,0,0,0,0,0,0,0,0,0,0,1056,
131199,411,東京都,板橋区,2022/12/31,中台一丁目,5418,2691,2727,20,9,15,12,13,15,12,13,15,10,16,18,9,8,17,11,20,17,19,15,10,26,23,21,18,14,18,21,19,14,19,25,30,10,14,17,28,30,28,28,35,27,35,27,32,43,41,47,25,28,54,41,47,33,36,40,44,36,32,38,36,32,37,38,35,42,38,30,32,44,26,16,37,33,32,19,35,25,28,38,43,35,32,39,36,36,29,28,41,41,42,50,42,42,41,38,36,41,63,47,47,51,39,42,34,39,52,33,48,32,30,32,31,29,30,43,45,30,36,28,39,35,41,40,40,28,18,23,28,37,26,30,37,31,41,39,39,26,32,35,33,28,28,44,27,31,44,37,25,47,46,39,26,28,22,27,19,24,28,23,14,30,19,27,20,17,12,27,18,20,9,27,14,20,11,26,9,20,12,14,6,20,1,11,15,14,4,7,3,10,4,6,2,6,0,3,1,1,0,2,0,0,1,0,0,0,0,0,0,0,0,0,3093,
131199,412,東京都,板橋区,2022/12/31,中台二丁目,3232,1597,1635,7,7,13,13,10,11,18,8,12,16,14,7,9,10,13,21,15,7,15,15,8,11,14,11,21,9,9,19,8,14,16,17,13,11,11,25,22,13,22,10,23,17,18,21,19,21,32,39,39,46,43,42,20,38,25,24,24,22,21,20,21,19,21,14,18,22,16,22,19,17,21,20,19,22,23,15,22,18,23,21,21,20,25,25,18,22,32,16,26,20,20,25,28,20,18,34,35,21,23,24,27,17,18,25,27,27,26,25,30,20,24,26,18,22,20,22,27,15,22,16,18,26,28,22,19,13,16,10,16,19,12,16,17,10,12,17,14,11,16,19,11,10,20,14,11,16,18,14,13,18,12,10,8,15,7,7,5,15,10,15,15,16,7,20,10,9,12,11,9,12,4,8,5,11,3,9,3,8,5,7,6,13,4,4,3,7,3,7,2,6,1,3,0,6,0,1,0,1,0,0,0,1,0,0,0,0,0,1,0,0,0,0,1711,
131199,413,東京都,板橋区,2022/12/31,中台三丁目,6666,3144,3522,12,13,8,16,19,16,17,23,19,19,22,23,31,16,20,19,26,20,26,21,17,19,21,18,27,22,29,23,21,30,23,21,26,30,33,20,27,26,39,22,26,25,20,30,31,36,38,35,33,31,26,28,21,28,22,27,21,23,18,21,25,26,20,18,18,14,30,27,24,26,34,20,22,28,30,39,44,33,33,39,36,33,36,41,36,33,31,39,49,54,42,50,44,49,57,49,45,59,60,70,52,52,48,65,54,44,50,45,47,44,51,60,45,43,49,37,35,44,34,32,42,44,29,56,42,41,33,34,30,39,40,31,30,43,27,39,33,39,37,48,51,44,44,57,57,79,55,93,77,91,71,100,47,52,46,52,47,56,49,58,45,56,38,51,43,47,27,43,27,32,23,50,29,30,28,41,18,20,16,23,16,30,5,21,15,15,7,7,4,9,8,8,5,10,2,6,1,1,0,5,0,1,0,3,0,2,0,1,0,0,0,0,3220,
131199,421,東京都,板橋区,2022/12/31,若木一丁目,4215,2058,2157,13,5,14,8,15,14,15,7,15,16,12,7,13,17,19,11,16,11,17,16,29,11,8,20,24,17,18,26,18,13,15,17,11,21,18,15,20,16,9,24,11,18,31,22,26,23,35,24,20,29,28,34,35,29,26,27,30,31,32,17,31,23,22,24,19,25,17,27,19,23,25,21,25,15,28,24,31,29,21,29,23,23,29,20,32,22,24,30,25,29,21,29,33,36,31,32,33,37,33,40,41,43,46,34,43,34,36,42,27,32,37,30,32,22,31,30,36,25,30,32,23,28,29,32,20,24,40,26,21,26,10,25,21,36,21,27,29,15,17,24,27,20,36,21,27,29,20,31,25,33,21,23,17,30,16,21,11,30,15,19,17,19,18,22,19,18,17,15,11,20,1,18,8,21,15,14,4,13,5,11,5,9,2,12,5,11,4,4,1,4,1,6,1,5,2,3,0,2,1,0,0,0,1,1,0,1,0,0,0,0,0,0,2211,
131199,422,東京都,板橋区,2022/12/31,若木二丁目,3735,1924,1811,14,13,10,9,21,12,23,15,13,15,6,16,5,16,8,14,10,6,17,14,11,13,15,8,11,17,13,11,13,14,16,7,14,13,7,8,17,17,16,10,21,10,16,12,28,18,32,30,29,23,31,26,28,26,15,32,32,19,20,20,38,19,19,23,26,23,29,21,24,22,27,27,25,24,30,25,30,17,24,20,30,26,30,22,26,16,21,18,24,16,29,19,26,23,29,17,36,17,37,26,21,29,35,34,30,23,35,30,30,24,31,29,19,13,19,25,20,32,24,17,24,22,20,20,29,16,20,14,19,19,14,16,19,21,18,17,31,15,28,22,29,19,23,20,22,21,31,22,35,21,18,28,19,18,11,16,15,24,26,26,12,23,18,25,12,29,15,22,15,25,10,22,12,19,12,24,8,13,6,17,4,11,5,10,2,9,1,4,1,6,0,6,1,2,2,4,0,1,1,0,0,1,0,0,0,0,0,0,0,0,0,0,2248,
131199,423,東京都,板橋区,2022/12/31,若木三丁目,2613,1290,1323,11,10,10,9,10,12,10,6,14,10,13,14,11,7,13,15,10,13,6,10,16,6,9,17,8,14,9,15,6,10,12,11,10,16,12,12,17,8,16,8,14,12,16,16,16,10,21,23,13,20,18,15,18,23,27,12,22,16,9,15,15,15,13,15,16,15,9,20,24,16,20,16,25,10,14,16,13,12,18,15,19,17,16,11,12,20,17,16,24,10,13,18,14,22,18,18,19,17,22,19,24,20,16,21,29,27,29,16,22,20,20,22,9,9,13,23,23,12,19,6,20,12,9,18,14,13,17,17,27,9,7,17,19,16,6,12,15,9,13,6,13,19,16,14,15,15,20,25,14,10,14,11,7,15,10,5,7,18,9,7,9,17,9,12,6,15,2,12,8,8,8,15,5,12,5,20,6,9,6,9,3,11,0,7,2,7,3,5,1,5,2,4,0,2,1,3,0,1,0,0,0,1,0,0,0,0,0,1,0,0,0,0,1315,
131199,431,東京都,板橋区,2022/12/31,蓮根一丁目,2960,1462,1498,5,8,9,4,5,13,13,15,7,15,13,16,17,10,13,12,13,12,18,16,17,9,14,11,14,14,20,12,19,18,10,12,19,11,9,12,16,14,8,16,15,13,27,16,21,19,26,21,29,21,28,25,26,18,16,18,17,21,16,17,23,21,19,19,12,17,25,20,17,29,22,28,15,15,12,12,22,23,16,26,19,20,23,25,20,24,27,12,28,29,39,23,24,30,23,32,22,27,24,21,24,25,21,17,26,19,11,24,16,15,13,19,12,16,18,16,19,11,14,18,13,13,19,15,15,25,17,10,19,9,11,12,11,9,18,11,12,15,9,13,16,17,13,16,14,18,19,19,24,20,21,17,8,15,9,11,11,15,13,17,8,17,11,11,11,11,8,8,9,10,6,15,6,7,5,9,3,2,6,6,3,6,2,5,1,4,2,5,1,5,0,6,0,1,0,0,0,0,2,0,0,0,0,0,0,0,0,0,0,1,0,0,1632,
131199,432,東京都,板橋区,2022/12/31,蓮根二丁目,7539,3670,3869,20,22,23,31,29,24,33,26,30,20,33,22,26,30,21,25,27,24,31,21,26,17,21,24,26,12,27,31,33,24,25,16,42,33,23,23,22,32,40,31,33,30,35,44,32,46,46,43,43,76,39,62,41,46,56,42,40,48,46,46,53,50,50,31,41,39,43,46,44,38,42,53,39,55,39,47,43,43,56,60,40,45,46,53,55,45,59,59,48,58,45,55,54,47,53,43,54,59,53,50,56,60,83,68,56,50,54,52,55,58,69,61,55,48,56,51,39,52,44,51,48,58,57,44,59,41,49,47,49,55,44,42,44,47,38,35,51,53,43,41,47,56,51,54,43,56,42,53,73,46,66,69,30,41,30,34,34,41,29,54,38,34,28,44,33,23,25,31,19,29,19,36,14,29,14,31,12,27,11,24,9,22,7,11,4,14,6,14,2,8,5,8,3,7,0,3,1,4,0,1,0,2,0,0,0,0,0,0,0,1,0,1,3976,
131199,433,東京都,板橋区,2022/12/31,蓮根三丁目,7865,3699,4166,22,25,23,19,23,26,34,27,40,32,49,38,35,48,40,49,32,37,32,28,37,29,38,26,29,32,31,29,35,22,32,40,32,37,26,29,41,37,29,28,38,27,26,35,45,41,29,33,33,52,56,62,43,49,44,42,44,35,36,45,28,57,49,42,49,46,41,47,45,57,45,45,47,60,56,53,60,50,57,62,60,61,59,51,54,58,51,53,41,56,54,54,62,79,60,53,74,77,87,77,61,72,51,70,60,64,62,61,43,55,53,60,42,40,58,53,38,53,42,38,55,35,36,39,42,35,34,55,46,49,23,28,33,38,31,41,33,43,38,37,38,52,42,51,43,74,67,58,48,76,57,74,25,48,28,46,39,52,51,50,37,53,39,40,24,43,18,40,20,24,22,31,20,37,19,29,7,24,13,18,10,22,8,16,3,9,2,4,0,8,2,8,1,3,1,5,1,3,0,1,0,2,0,1,0,0,0,1,0,0,0,0,3915,
131199,440,東京都,板橋区,2022/12/31,相生町,4515,2174,2341,8,11,9,16,16,13,21,22,26,13,20,25,28,13,21,19,28,36,28,29,28,16,23,17,24,24,23,22,24,25,25,20,23,16,20,23,14,20,19,25,24,23,16,29,29,23,30,14,28,23,22,19,23,22,19,21,17,19,18,21,21,24,17,22,22,35,23,23,23,23,27,29,24,23,26,32,34,29,27,32,40,35,31,26,23,39,36,44,39,52,37,37,56,50,51,34,48,50,43,43,48,50,41,40,37,40,43,33,44,40,42,42,29,21,29,30,25,33,29,27,32,35,19,24,22,21,18,23,21,29,20,18,21,33,22,22,23,26,27,24,22,22,18,19,18,22,28,28,31,26,25,35,14,19,9,20,10,21,15,23,14,18,16,19,11,20,7,13,5,15,7,13,5,9,5,18,6,12,5,10,2,17,2,6,2,6,2,4,0,5,0,1,0,2,0,4,0,0,0,1,0,0,0,1,1,0,0,0,0,0,0,0,2151,
131199,451,東京都,板橋区,2022/12/31,前野町一丁目,4699,2219,2480,21,9,14,15,17,15,16,21,24,20,12,12,23,19,19,22,23,24,16,23,26,21,18,23,14,17,20,31,27,21,13,10,19,18,23,22,17,19,20,28,32,38,22,32,24,33,28,30,25,29,24,25,30,30,23,36,26,28,30,30,26,20,18,12,28,33,33,27,21,30,22,24,29,31,28,20,29,33,25,33,24,25,33,34,25,31,29,29,31,40,27,33,42,41,39,36,45,41,37,37,38,38,43,34,33,35,34,28,41,30,34,32,22,31,26,34,24,38,28,30,22,26,36,26,29,26,30,26,18,23,25,25,15,21,22,26,35,24,20,32,28,29,26,22,23,37,20,38,38,37,45,43,19,24,20,24,20,26,18,31,21,34,26,38,21,27,15,12,13,22,6,18,12,12,5,14,6,9,3,25,5,11,4,15,2,5,4,9,5,4,0,5,1,3,0,4,0,1,1,0,0,1,0,0,0,4,0,0,0,0,0,0,2373,
131199,452,東京都,板橋区,2022/12/31,前野町二丁目,7170,3472,3698,22,20,24,21,37,17,33,33,47,36,43,31,44,44,42,47,50,44,45,47,44,44,42,42,40,49,33,33,47,28,23,26,35,29,22,29,28,27,31,23,25,27,34,27,25,31,46,39,28,44,28,39,25,32,32,33,34,31,26,39,34,34,43,32,34,42,43,31,49,42,45,44,38,46,49,57,50,47,48,64,56,53,71,71,81,74,64,73,69,60,69,69,84,58,70,69,65,63,68,65,60,56,62,64,55,71,52,51,57,51,52,46,30,37,28,52,49,50,43,41,30,50,30,44,40,37,36,36,39,36,36,48,43,38,40,43,30,40,28,43,47,39,28,36,31,37,52,47,37,51,41,53,21,33,25,20,22,23,26,43,25,27,14,27,15,32,15,18,8,15,7,20,16,27,3,17,6,15,9,14,6,12,3,5,3,6,3,12,4,7,0,3,0,7,0,5,0,3,0,1,0,1,0,2,0,0,0,0,0,0,0,0,3453,
131199,453,東京都,板橋区,2022/12/31,前野町三丁目,5764,2864,2900,13,14,21,10,20,23,17,22,19,16,21,27,21,26,27,22,18,21,32,16,28,10,28,34,24,25,38,36,33,40,35,40,33,40,31,40,43,46,47,41,42,34,38,28,43,30,41,35,34,42,36,34,45,31,46,26,45,35,26,30,27,32,22,32,36,30,29,24,24,30,32,19,29,29,29,38,30,30,44,38,26,36,42,30,35,31,29,32,31,46,51,47,58,64,61,54,52,67,70,83,65,62,66,65,59,44,51,57,60,54,50,35,29,32,34,32,43,47,29,28,27,30,44,39,37,22,22,21,33,27,42,16,28,32,28,28,28,31,23,20,27,17,29,17,28,29,33,34,20,36,21,27,19,22,21,24,17,26,22,32,10,10,13,14,15,17,16,14,3,20,12,16,8,22,10,15,14,18,4,20,4,19,5,14,3,11,5,10,1,8,1,4,1,4,0,5,1,2,1,1,0,2,0,2,0,0,0,0,0,0,0,0,2768,
131199,454,東京都,板橋区,2022/12/31,前野町四丁目,4040,1978,2062,14,11,11,7,10,15,21,13,10,21,12,10,15,22,13,14,8,16,22,10,20,10,21,17,14,14,10,12,11,16,15,22,14,10,12,9,18,14,14,16,30,21,21,31,27,25,42,33,33,32,32,27,34,32,34,25,27,25,29,24,35,16,19,22,27,20,19,24,33,20,35,34,22,31,21,24,17,19,31,17,31,22,26,28,22,24,23,19,28,28,32,31,31,15,27,20,28,21,29,34,28,39,29,25,33,30,30,19,27,24,16,31,19,25,30,44,33,25,27,33,27,26,20,27,27,25,20,20,18,17,20,20,23,18,18,18,21,21,24,27,28,23,16,24,20,25,24,26,34,36,39,27,21,23,13,16,19,24,19,23,19,33,14,30,15,26,10,27,6,13,7,18,7,20,8,24,4,15,9,15,10,11,8,10,2,8,4,7,1,9,0,1,0,2,1,3,0,1,0,0,0,2,0,2,0,0,0,0,0,1,0,0,2224,
131199,455,東京都,板橋区,2022/12/31,前野町五丁目,3737,1856,1881,10,5,12,18,15,11,15,15,15,14,25,24,17,24,20,21,16,17,19,17,17,22,17,20,17,12,13,13,18,11,19,25,14,18,14,18,17,19,28,23,37,15,24,17,18,24,30,19,27,20,23,19,27,20,23,17,16,14,26,20,26,19,24,16,17,18,24,22,21,25,26,18,27,23,20,22,29,30,30,23,31,27,29,27,30,27,28,33,32,19,31,36,32,19,38,30,26,28,25,26,32,27,25,25,21,22,30,25,30,25,28,29,26,27,24,39,23,18,32,17,26,23,20,30,23,16,22,14,20,23,21,14,16,18,19,19,25,15,20,23,19,17,14,20,15,17,21,24,18,26,15,32,7,22,11,10,17,13,9,22,12,13,12,15,7,17,12,19,5,13,6,13,4,12,10,17,7,16,3,11,4,8,3,14,3,5,1,5,1,9,0,3,1,7,1,4,0,1,0,3,0,2,0,0,0,1,0,0,0,0,0,1,1949,
131199,456,東京都,板橋区,2022/12/31,前野町六丁目,4461,2141,2320,5,10,13,11,9,17,16,21,15,15,14,13,17,14,16,3,17,12,18,7,16,23,21,13,19,11,15,17,16,24,18,6,17,16,16,15,10,8,24,17,16,23,21,37,25,26,30,27,27,31,24,25,24,17,19,26,31,25,23,23,23,25,16,19,22,13,17,23,22,24,23,29,18,25,35,38,28,36,40,32,31,28,29,17,23,32,24,27,28,31,27,26,41,31,28,27,31,35,45,29,35,40,34,40,41,39,36,28,31,27,30,26,24,14,41,37,21,28,23,25,23,25,25,30,23,30,31,27,23,25,23,24,25,28,20,32,30,27,22,27,34,29,31,30,36,38,28,40,34,34,32,58,21,17,16,24,19,32,29,41,30,32,20,20,19,30,15,22,12,27,17,26,12,16,10,23,14,18,15,19,15,25,3,12,5,13,3,10,1,6,3,7,1,5,0,2,1,2,0,0,1,0,0,2,0,1,0,0,0,0,0,0,2405,
131199,461,東京都,板橋区,2022/12/31,赤塚一丁目,3829,1846,1983,6,11,20,15,6,6,14,9,12,9,14,14,11,11,19,10,14,9,16,12,10,4,14,16,9,14,5,10,15,16,11,17,6,7,12,10,7,13,11,17,14,13,22,14,16,26,22,23,28,30,23,41,40,48,35,28,34,38,34,33,38,36,28,35,33,27,19,36,28,24,25,36,24,24,39,26,26,32,43,29,27,27,30,24,27,20,24,22,21,27,26,32,32,26,27,33,28,25,30,33,26,36,27,39,29,23,36,29,33,21,28,31,18,24,30,23,31,33,26,26,18,24,33,27,33,14,12,23,17,23,19,8,19,15,21,23,20,21,17,14,16,25,20,22,26,15,24,21,24,20,23,22,9,18,6,21,15,24,17,15,8,12,11,18,11,16,5,12,4,17,11,16,10,12,7,18,7,19,3,13,7,14,7,8,3,8,1,8,0,3,1,3,2,4,0,3,0,1,0,0,0,0,0,0,0,0,0,0,0,0,0,0,2225,
131199,462,東京都,板橋区,2022/12/31,赤塚二丁目,5845,2799,3046,18,13,24,18,22,22,17,20,19,13,23,20,19,17,21,17,17,18,21,22,24,22,15,22,19,27,22,7,25,18,11,16,24,21,18,14,25,19,29,36,26,36,23,37,30,51,32,52,44,61,58,78,67,85,63,68,75,71,58,61,55,58,49,60,45,63,38,44,51,57,42,46,39,46,36,41,40,36,42,36,53,51,55,52,34,33,48,40,45,52,45,41,53,44,49,41,54,46,42,48,36,55,40,49,40,42,44,43,38,44,42,37,35,31,33,49,37,29,35,25,29,30,27,23,31,22,33,30,27,18,26,23,31,24,24,22,23,24,16,30,21,21,22,18,40,32,30,32,21,31,16,25,19,15,16,14,17,31,15,16,15,16,15,21,10,17,6,17,12,18,13,19,12,19,8,18,7,18,7,14,8,12,7,9,4,11,1,10,1,5,4,8,0,5,0,2,1,2,0,0,0,2,0,1,0,0,0,0,0,0,0,0,3521,
131199,463,東京都,板橋区,2022/12/31,赤塚三丁目,5011,2575,2436,13,16,17,17,10,8,10,12,9,13,11,7,16,14,13,11,8,8,14,5,16,15,13,15,16,9,14,13,12,20,19,10,10,11,17,14,9,16,19,16,17,16,19,26,25,34,54,63,58,49,47,58,54,51,64,69,63,63,62,55,45,45,56,39,48,42,55,42,48,40,44,46,49,41,49,30,42,33,39,34,39,38,37,33,40,27,50,44,41,34,44,30,53,40,40,35,45,33,49,31,33,28,49,32,42,42,32,37,36,29,37,39,28,28,53,39,33,26,40,36,27,35,36,22,35,25,32,26,30,24,18,12,17,23,15,23,19,16,20,18,14,21,22,21,21,17,30,22,23,21,22,25,16,16,11,13,11,23,18,16,16,16,9,19,14,16,6,15,10,15,4,19,7,11,12,17,5,17,5,12,3,17,5,7,4,9,6,3,1,6,0,1,1,2,1,0,2,2,0,3,1,1,0,1,0,0,0,1,1,0,0,0,3256,
131199,464,東京都,板橋区,2022/12/31,赤塚四丁目,4280,2241,2039,13,15,20,16,13,10,22,17,14,9,19,14,14,17,18,11,15,15,15,11,13,14,14,9,12,16,16,19,15,9,22,13,11,13,17,18,18,12,19,17,24,23,22,17,29,22,32,31,28,18,37,27,25,26,35,34,27,26,34,30,40,31,25,22,32,41,37,36,38,26,39,36,29,29,30,24,31,34,59,27,40,29,38,19,35,31,39,27,29,34,26,24,32,32,36,30,35,31,36,34,30,36,36,33,39,29,37,38,46,25,38,26,36,17,27,33,31,27,33,19,33,28,27,27,23,30,21,20,24,28,21,16,24,16,18,24,15,23,26,15,21,19,19,18,26,29,25,29,29,26,24,24,24,12,13,13,15,18,16,21,13,17,18,19,10,18,11,10,14,15,7,19,9,17,9,19,4,12,7,11,6,7,4,12,1,7,4,2,3,2,3,3,0,0,1,1,1,0,0,1,0,1,0,0,0,1,0,0,0,0,0,0,2358,
131199,465,東京都,板橋区,2022/12/31,赤塚五丁目,3614,1846,1768,17,7,7,19,13,11,14,13,12,18,24,18,18,20,15,19,11,20,20,21,16,9,15,7,17,6,17,17,18,15,16,16,15,14,15,19,24,14,19,16,16,22,22,19,28,35,25,27,32,18,23,36,32,36,23,23,29,30,26,24,23,33,20,24,22,24,24,17,18,26,32,21,21,23,29,26,29,26,24,20,35,24,35,18,21,15,30,27,21,19,37,22,35,32,29,22,31,21,21,24,40,35,37,26,27,30,34,32,23,26,32,26,31,31,30,23,30,16,23,17,31,17,29,15,17,20,13,16,20,12,14,8,12,14,10,27,20,13,17,14,22,15,14,17,30,17,15,19,15,21,18,18,18,15,14,20,13,17,9,15,8,19,11,16,8,15,4,13,6,7,3,16,3,9,5,7,3,9,7,10,6,0,1,5,3,4,1,3,0,3,1,1,2,2,0,3,0,1,0,0,0,0,0,0,0,0,0,0,0,0,0,0,1789,
131199,466,東京都,板橋区,2022/12/31,赤塚六丁目,4308,2141,2167,10,12,15,15,13,17,13,15,14,13,15,18,12,13,13,17,19,12,14,13,11,16,14,12,13,17,13,17,14,19,15,14,9,15,14,24,19,18,16,28,23,18,23,25,27,25,51,29,36,42,37,32,31,41,34,45,38,40,44,36,39,39,40,36,22,29,35,38,32,28,31,31,31,26,27,19,30,23,29,31,27,31,21,27,22,24,28,24,37,17,26,23,34,25,32,31,33,42,41,34,29,33,34,36,40,31,28,46,47,30,50,31,17,25,41,34,42,25,29,29,25,29,28,19,33,25,26,21,27,35,19,19,20,20,21,20,18,14,22,15,18,18,24,24,14,18,37,18,22,22,17,13,18,21,9,16,10,19,8,15,13,24,12,17,12,11,13,15,13,14,13,18,8,14,11,14,8,15,5,18,8,9,2,12,1,8,1,1,4,6,3,3,4,1,0,4,0,1,0,2,0,2,0,0,0,1,0,0,0,0,0,0,2369,
131199,467,東京都,板橋区,2022/12/31,赤塚七丁目,3630,1816,1814,7,9,11,12,9,10,16,6,13,16,16,6,11,10,11,7,15,11,14,12,17,17,14,11,20,16,15,16,19,17,18,11,12,16,13,17,20,11,13,12,16,16,24,22,20,20,29,29,25,27,21,29,13,36,27,19,17,20,27,26,25,23,24,20,19,25,15,27,20,26,25,14,24,28,26,18,34,24,23,24,26,22,22,20,31,28,35,30,27,17,37,18,27,38,31,32,21,28,29,42,37,36,44,38,33,24,33,25,40,28,35,34,17,15,33,24,24,22,20,22,23,27,30,19,25,16,26,20,18,18,21,19,18,9,15,17,14,14,12,16,15,22,23,16,20,16,20,33,24,25,19,20,16,21,7,13,15,24,14,20,14,13,11,16,15,17,7,11,12,13,5,10,6,9,2,16,3,13,6,11,5,8,5,12,6,7,1,4,2,2,0,3,0,2,1,1,0,0,0,1,0,0,0,1,0,0,0,0,0,0,0,0,1910,
131199,468,東京都,板橋区,2022/12/31,赤塚八丁目,1394,688,706,9,9,9,5,7,11,6,11,10,8,8,8,8,6,9,11,6,9,6,11,10,8,10,6,13,4,7,7,5,11,7,7,10,8,5,2,5,5,9,6,7,6,7,10,5,12,11,13,11,15,11,14,6,9,12,9,7,7,10,9,9,9,6,9,7,10,10,10,6,10,11,6,11,11,10,6,11,9,9,14,13,7,13,12,12,18,12,5,13,16,12,6,6,11,6,8,18,15,7,9,15,11,13,20,10,9,10,7,14,12,12,12,9,5,10,10,10,7,5,6,7,11,6,3,2,6,7,5,9,3,5,4,5,11,9,5,5,2,7,5,5,8,6,7,7,4,6,3,6,6,6,6,2,4,1,6,7,5,3,5,4,5,2,1,0,8,1,2,3,4,1,3,2,2,2,6,1,1,1,0,2,1,0,1,0,2,0,2,1,0,1,0,0,0,0,0,0,1,0,1,0,0,0,0,0,0,0,0,0,0,0,0,594,
131199,471,東京都,板橋区,2022/12/31,赤塚新町一丁目,1410,700,710,3,4,3,1,7,6,5,3,6,8,9,6,4,5,1,4,7,3,1,2,3,2,5,4,4,2,7,2,2,4,2,2,2,4,2,3,3,4,7,4,11,6,8,7,13,11,14,19,7,15,8,14,14,16,15,17,14,17,19,11,15,16,8,24,13,10,9,12,10,14,9,14,13,14,10,9,16,11,11,12,14,13,11,8,19,12,9,7,13,8,10,9,10,12,11,10,19,9,7,14,13,10,11,12,11,9,13,5,5,9,5,5,8,6,7,13,8,2,7,7,6,9,9,5,8,10,9,7,5,9,5,3,6,7,7,3,7,4,11,8,5,4,11,7,7,6,9,6,7,8,6,12,2,3,2,5,4,2,4,7,2,5,1,4,2,8,6,7,2,4,3,6,2,4,6,3,5,4,1,3,4,2,2,3,0,5,2,2,0,0,0,0,0,1,0,0,0,0,0,1,1,0,0,0,0,0,0,1,0,0,0,0,898,
131199,472,東京都,板橋区,2022/12/31,赤塚新町二丁目,2034,976,1058,5,6,7,13,7,5,12,5,9,12,10,3,7,3,5,10,5,5,4,2,5,1,6,6,7,5,0,4,2,2,6,9,5,4,8,6,8,10,10,18,12,9,7,16,7,17,19,16,14,31,11,15,18,27,21,15,15,22,22,29,29,21,21,23,22,27,11,16,18,17,16,20,18,13,17,13,17,16,17,17,12,23,13,20,13,11,17,7,20,15,9,11,16,17,21,16,15,17,13,13,15,5,19,13,16,17,11,11,13,12,14,12,10,10,15,8,14,12,6,11,14,10,14,10,10,8,9,9,14,13,9,10,4,12,10,10,7,17,13,7,16,14,8,10,7,12,10,9,8,8,17,13,4,12,4,2,11,5,5,5,6,12,8,7,6,6,1,3,5,2,3,4,3,8,1,5,1,2,2,8,0,5,0,9,1,10,0,2,1,2,1,2,0,1,0,0,0,0,0,1,1,3,0,0,0,0,0,0,0,0,0,0,1267,
131199,473,東京都,板橋区,2022/12/31,赤塚新町三丁目,6174,3036,3138,25,20,19,28,21,28,18,24,22,23,30,25,19,25,23,22,30,15,16,20,23,9,23,19,25,15,23,15,23,23,28,11,14,13,20,16,14,19,28,20,25,24,26,21,29,29,25,36,30,42,35,39,43,32,38,40,27,51,52,51,49,60,39,47,43,56,42,53,52,41,49,55,46,42,41,43,49,47,53,49,46,39,44,38,54,45,49,40,51,53,56,46,51,57,56,52,52,54,43,38,46,46,43,43,57,38,42,35,53,41,49,44,34,34,39,52,40,56,33,31,39,25,43,31,35,36,28,33,35,43,28,31,29,30,29,38,39,33,37,30,43,42,36,47,32,33,45,46,40,55,43,36,32,30,18,29,18,31,32,25,23,25,30,42,9,25,19,19,12,11,17,21,13,18,6,29,11,18,11,15,6,10,9,14,2,18,4,8,5,7,1,10,0,5,2,3,0,3,0,2,0,0,0,0,0,0,0,0,0,1,0,0,3275,
131199,481,東京都,板橋区,2022/12/31,四葉一丁目,2520,1338,1182,14,11,13,9,14,7,15,15,18,10,10,14,15,6,11,16,11,8,10,10,14,12,17,9,15,12,11,5,19,11,20,5,10,13,10,15,13,11,19,4,21,19,17,9,19,10,20,11,15,16,19,23,18,19,19,14,17,11,21,12,26,17,17,13,11,20,17,22,17,23,24,22,22,12,20,16,22,18,11,14,22,22,12,23,23,22,30,11,15,15,9,16,15,9,23,14,16,18,28,28,30,25,30,27,29,13,21,19,21,17,18,14,14,13,16,22,15,18,21,12,14,10,14,15,17,13,11,6,12,12,11,6,14,10,9,12,7,4,16,15,13,12,7,9,13,10,18,11,11,10,11,11,6,7,0,15,7,11,6,9,12,11,4,10,4,8,7,9,6,4,4,16,2,9,5,6,4,4,4,4,0,4,3,1,1,1,3,2,1,2,1,0,0,0,0,1,0,0,0,0,0,0,0,0,0,0,0,0,0,0,0,0,1272,
131199,482,東京都,板橋区,2022/12/31,四葉二丁目,2327,1173,1154,7,1,3,14,9,4,10,12,7,10,13,9,9,10,12,8,13,8,9,14,13,9,14,15,18,12,7,12,14,11,11,15,8,28,12,21,17,16,14,18,22,18,21,13,20,13,22,13,13,14,15,16,14,5,17,9,10,12,10,7,14,16,11,22,13,6,13,10,11,15,7,14,22,15,10,16,14,15,15,15,13,13,19,16,16,21,11,9,15,17,22,17,20,14,18,18,16,23,26,23,34,28,28,20,22,32,28,21,17,23,27,15,19,15,25,15,17,18,13,9,23,18,16,14,14,14,12,11,15,9,9,10,5,11,9,7,14,6,13,2,12,13,11,6,7,10,15,4,7,15,5,10,9,8,4,11,3,8,6,7,5,8,5,8,10,5,3,4,5,7,3,4,4,7,3,6,1,4,2,5,0,6,1,0,0,2,1,7,1,5,0,2,0,0,0,1,0,0,0,0,0,0,0,1,0,0,0,0,0,0,0,0,1003,
131199,490,東京都,板橋区,2022/12/31,大門,1182,573,609,2,5,6,2,3,3,7,2,5,5,3,3,8,7,5,8,2,6,6,7,6,4,11,9,7,9,7,6,6,3,6,4,4,10,4,5,12,9,6,3,9,3,4,6,7,2,4,6,7,7,6,1,4,8,9,7,5,3,7,5,7,6,6,8,6,6,4,1,4,7,5,8,5,4,7,5,10,15,14,7,4,8,2,8,7,8,7,6,6,11,8,13,14,11,12,10,13,11,15,12,17,9,11,12,13,6,7,11,8,8,17,10,7,8,15,9,6,13,10,9,12,7,8,8,6,5,9,3,5,5,3,5,7,11,5,5,3,9,4,2,1,5,6,8,7,6,6,9,8,7,2,5,2,3,2,5,4,2,2,2,1,8,2,4,4,1,1,2,2,3,1,5,3,4,2,8,3,4,1,5,2,6,0,3,2,5,1,4,0,1,1,2,0,4,0,2,0,3,0,2,0,2,0,0,0,0,0,0,0,1,0,0,533,
131199,501,東京都,板橋区,2022/12/31,三園一丁目,5677,3021,2656,15,10,20,8,17,11,19,18,22,12,23,25,21,28,11,22,33,23,38,16,26,19,26,36,32,31,25,27,19,27,28,20,18,26,29,33,22,32,26,21,41,41,42,31,39,44,41,43,51,38,43,43,46,45,44,39,51,36,42,36,51,32,35,24,38,33,56,27,36,30,34,22,36,25,35,24,28,29,33,37,51,27,48,31,49,35,48,31,50,40,51,44,43,57,45,45,56,48,65,67,74,56,68,53,60,51,49,38,70,52,65,44,47,28,50,49,43,29,40,42,42,29,45,27,32,20,30,22,30,28,30,23,32,29,29,17,28,17,20,26,26,21,26,11,28,13,22,31,23,29,20,30,23,24,14,13,21,18,18,27,17,24,14,22,18,20,11,18,12,12,8,17,10,17,8,17,4,10,4,10,2,7,0,8,4,6,2,7,1,8,1,2,0,1,2,3,0,0,0,0,0,0,0,0,0,0,0,0,0,1,0,0,2967,
131199,502,東京都,板橋区,2022/12/31,三園二丁目,1105,567,538,2,3,4,6,3,3,7,6,4,3,2,5,3,2,2,4,1,7,6,7,1,8,5,6,6,2,2,3,5,5,4,2,5,4,5,3,6,1,2,4,9,8,3,6,8,7,8,11,18,9,8,6,7,10,8,8,8,8,7,9,4,10,9,5,11,6,8,9,7,5,7,4,9,11,9,5,7,7,8,3,10,10,8,4,8,6,9,8,4,4,6,9,8,8,12,7,14,6,10,6,12,7,15,12,12,8,8,5,12,4,3,7,5,5,8,3,14,9,5,3,2,5,4,5,4,5,5,5,5,3,6,5,6,4,10,4,5,6,5,5,7,7,8,4,7,4,7,5,8,10,7,5,5,5,1,11,7,5,3,8,6,5,8,9,1,5,2,3,4,3,2,4,1,4,2,7,3,3,1,2,0,7,1,3,0,1,1,3,1,2,0,0,0,1,0,2,0,1,0,0,0,0,1,0,0,0,0,0,0,0,0,0,630,
131199,511,東京都,板橋区,2022/12/31,成増一丁目,6890,3310,3580,33,20,21,20,18,21,16,27,17,26,14,24,19,21,22,23,36,28,23,26,30,29,25,23,23,24,31,34,30,32,21,12,32,28,20,26,18,26,22,35,27,27,27,23,39,42,46,41,29,44,41,46,57,57,49,68,53,55,48,60,55,48,37,59,45,55,47,56,63,45,58,52,49,50,57,50,55,49,56,61,43,44,47,46,61,50,37,54,54,55,49,56,41,57,70,68,60,74,69,65,54,61,79,79,60,52,57,47,58,73,57,59,42,38,58,52,54,46,37,52,35,56,42,45,36,54,51,33,38,32,23,30,28,31,36,31,37,36,32,43,32,25,37,46,36,25,32,42,36,48,41,27,29,27,16,14,26,30,25,29,23,26,20,29,9,19,18,24,10,24,9,19,11,13,9,17,8,12,4,16,4,11,2,10,7,10,6,3,2,5,0,5,1,5,1,3,1,0,0,2,1,1,0,0,0,0,0,0,0,0,0,1,3777,
131199,512,東京都,板橋区,2022/12/31,成増二丁目,5455,2586,2869,22,31,13,26,26,24,17,17,18,16,13,19,14,21,17,18,11,23,16,14,15,26,17,18,27,25,13,19,21,21,22,17,17,22,25,23,11,8,17,19,24,28,22,26,32,33,38,44,28,53,53,61,48,43,43,52,47,54,50,56,49,66,47,39,48,38,52,47,48,60,47,58,53,38,58,49,39,46,35,38,44,45,45,50,47,31,44,50,51,39,43,39,49,39,50,56,51,57,56,48,51,56,39,34,45,37,49,53,41,41,55,40,26,27,28,39,31,38,25,27,26,45,20,27,26,30,24,27,25,27,17,22,19,16,25,26,22,23,22,24,22,16,18,27,21,18,21,29,15,34,27,31,10,20,8,17,19,13,20,34,11,9,14,19,8,14,8,16,7,15,7,13,6,19,7,14,7,12,4,7,2,14,5,12,2,5,3,4,3,2,1,3,1,0,0,1,0,1,0,0,0,0,0,0,0,1,0,0,0,0,0,0,3215,
131199,513,東京都,板橋区,2022/12/31,成増三丁目,7711,3767,3944,23,34,30,32,30,27,31,27,29,34,31,31,42,27,29,36,35,24,38,32,38,34,45,50,34,31,33,31,23,35,22,26,26,23,18,25,23,11,29,22,24,19,29,43,29,43,60,51,56,62,60,66,62,49,58,83,71,63,65,70,65,58,62,74,66,64,64,59,59,49,63,53,59,64,66,61,65,50,63,72,54,46,58,48,64,71,62,72,85,87,67,87,82,60,70,62,78,72,79,72,59,68,76,68,69,55,61,72,67,65,65,51,45,46,57,56,50,48,44,54,41,43,46,44,42,48,36,34,34,32,36,30,34,35,30,32,25,30,33,27,20,37,26,33,22,22,19,32,37,35,25,27,17,28,19,23,21,27,23,36,24,30,20,26,13,20,16,21,7,22,9,14,10,26,6,16,8,19,5,13,6,17,3,13,2,11,1,12,1,10,2,6,0,2,1,5,0,0,0,0,0,1,0,0,0,0,0,0,0,0,0,0,4286,
131199,514,東京都,板橋区,2022/12/31,成増四丁目,5053,2579,2474,11,13,12,15,15,7,18,17,20,15,11,13,14,15,11,10,25,21,20,11,18,16,18,18,15,13,18,13,22,17,18,13,16,23,19,16,22,15,27,24,29,21,30,25,25,29,44,41,41,34,50,54,45,52,48,50,42,38,43,30,37,37,39,31,39,32,31,34,53,27,45,35,34,26,35,29,35,20,39,31,35,34,35,24,44,36,47,42,43,31,41,26,36,26,53,36,45,38,53,41,42,48,52,42,50,53,40,49,33,39,49,39,28,29,40,25,42,44,39,34,34,27,34,17,31,20,26,35,22,28,32,18,10,19,17,20,20,12,16,14,23,19,23,16,22,22,24,30,23,22,26,31,10,16,13,21,24,24,16,26,19,24,23,32,12,25,16,24,9,16,13,26,8,26,13,19,8,18,6,19,6,23,3,13,1,9,7,9,2,6,3,11,1,5,1,5,0,5,0,3,0,0,0,1,1,0,0,1,0,0,0,0,2937,
131199,515,東京都,板橋区,2022/12/31,成増五丁目,4617,2173,2444,14,13,24,22,17,13,22,20,23,14,21,18,27,22,16,16,20,20,15,15,26,14,32,21,14,12,21,15,26,15,21,22,19,21,15,18,21,27,14,16,24,25,19,31,26,28,21,29,22,30,26,28,22,35,34,32,30,32,37,30,39,31,35,40,25,32,26,33,31,35,33,27,28,23,28,31,35,27,28,29,19,25,28,36,31,28,27,37,37,32,29,33,27,34,27,28,33,32,32,34,44,36,29,31,25,34,23,30,34,30,31,21,26,23,27,40,31,28,24,29,25,23,16,20,22,27,23,24,22,21,22,21,14,17,13,20,25,40,30,28,19,24,28,36,19,32,30,23,34,32,30,36,17,23,16,19,18,40,15,33,23,31,27,21,12,27,20,24,21,34,16,31,8,28,14,22,4,28,9,14,6,14,1,6,5,14,6,7,0,8,2,3,0,3,0,2,0,1,0,1,0,1,0,0,0,1,0,1,0,0,0,0,2475,
131199,521,東京都,板橋区,2022/12/31,徳丸一丁目,6798,3324,3474,23,18,27,20,17,20,22,23,24,18,14,21,25,19,24,22,24,22,24,19,25,21,33,20,20,27,22,33,23,19,23,18,24,16,22,19,23,26,24,25,40,36,32,37,35,50,51,73,54,68,65,65,65,61,61,65,59,55,43,64,47,52,62,55,54,50,51,49,42,36,46,47,42,36,38,47,55,56,48,45,66,56,47,51,40,42,55,46,45,44,56,41,43,56,43,43,48,58,64,45,44,53,57,34,56,40,63,51,36,42,44,49,29,27,46,42,33,37,45,36,47,38,43,36,40,28,37,32,28,35,31,31,34,49,24,32,38,30,39,44,38,27,29,38,36,42,47,44,40,33,35,44,24,26,22,24,30,40,24,37,25,32,29,38,34,28,17,27,17,28,17,29,8,37,16,27,11,23,10,28,15,15,6,21,6,10,7,16,1,13,2,5,1,9,0,4,2,2,1,4,0,2,0,0,0,0,0,0,0,0,0,0,3953,
131199,522,東京都,板橋区,2022/12/31,徳丸二丁目,4208,2039,2169,17,11,12,7,7,4,10,9,14,10,11,10,16,18,8,11,16,12,12,16,10,9,10,9,10,12,17,12,12,12,14,11,10,14,13,16,10,17,13,14,14,23,23,25,18,22,29,37,43,40,49,45,41,41,36,43,24,27,39,37,30,36,31,38,37,21,29,39,27,25,30,26,32,27,24,36,34,32,32,36,27,26,20,31,25,36,28,21,31,24,32,36,31,33,37,35,35,28,44,36,39,35,41,25,23,32,25,28,35,32,26,31,29,29,26,29,31,25,28,30,30,35,32,28,25,24,28,33,22,23,22,18,20,33,31,16,26,17,17,20,21,19,19,24,22,14,23,30,28,26,23,23,25,17,14,12,8,19,11,22,21,23,12,18,6,21,10,18,9,19,4,16,13,13,5,12,6,13,10,14,5,8,3,12,3,7,1,7,2,8,3,2,0,3,1,3,1,5,0,0,0,1,0,0,0,0,0,1,0,0,0,0,2498,
131199,523,東京都,板橋区,2022/12/31,徳丸三丁目,7167,3495,3672,16,21,22,18,24,16,16,20,15,18,30,15,22,27,24,17,20,26,23,18,29,24,26,15,23,23,25,23,22,20,34,23,27,24,25,21,30,29,43,40,25,44,44,30,42,43,57,63,42,49,43,61,61,72,70,49,47,52,56,66,48,64,34,47,41,34,43,47,41,53,54,45,43,40,32,35,47,38,38,53,45,52,53,39,36,44,52,52,43,33,39,49,46,43,52,52,50,61,59,61,54,46,48,61,58,83,58,61,77,66,69,71,80,43,98,61,67,55,56,56,38,48,48,38,50,54,36,34,44,49,45,46,34,39,37,45,37,34,38,28,48,45,46,40,39,52,53,40,35,32,34,37,24,37,18,17,22,29,28,40,18,31,25,27,17,30,10,29,10,20,19,32,27,38,16,21,4,29,9,19,11,17,10,13,2,17,8,15,3,13,0,4,4,7,3,6,1,1,0,2,0,2,0,2,0,0,0,0,0,0,0,1,3855,
131199,524,東京都,板橋区,2022/12/31,徳丸四丁目,5574,2780,2794,33,24,24,17,25,29,21,22,21,20,26,23,21,33,31,22,28,33,29,33,33,29,32,30,38,27,31,29,37,31,33,32,26,32,30,18,22,22,26,24,26,28,26,19,35,34,26,22,42,30,29,36,30,34,33,38,25,36,18,32,42,40,26,38,33,37,42,38,41,32,39,47,37,44,44,43,45,42,51,42,49,47,62,47,51,55,46,38,41,50,47,49,49,44,54,46,40,48,68,46,48,44,44,56,54,36,34,34,54,35,45,40,33,33,42,31,38,57,37,20,26,36,38,31,35,29,26,23,21,17,24,20,16,22,22,24,18,22,20,12,20,25,29,16,22,25,21,30,19,21,25,35,13,16,13,19,21,20,20,20,22,31,15,19,7,29,11,21,11,19,17,21,13,17,11,7,9,12,5,10,5,10,5,13,3,4,2,6,2,2,0,3,0,4,0,1,0,3,0,0,0,1,0,0,0,0,0,0,0,0,0,0,2647,
131199,525,東京都,板橋区,2022/12/31,徳丸五丁目,2449,1242,1207,9,11,16,9,14,13,16,19,13,20,17,10,15,16,20,16,9,12,14,9,11,19,10,13,14,12,15,12,11,20,12,11,15,16,8,8,13,8,12,14,19,9,12,15,7,13,16,13,15,15,10,10,11,15,10,10,19,16,10,12,17,13,23,20,20,11,15,21,13,13,15,18,21,22,15,22,18,14,21,19,21,17,16,19,21,15,24,18,21,22,24,10,26,27,21,14,22,14,13,18,18,21,25,23,12,13,21,16,20,16,27,14,11,13,18,15,17,18,18,19,8,12,17,15,16,15,14,13,17,5,13,11,10,13,9,11,5,6,12,8,12,9,11,7,18,11,15,10,9,8,6,12,4,7,5,7,5,7,7,12,11,14,6,9,4,8,9,9,5,9,5,4,6,12,2,9,3,2,2,4,3,3,2,3,0,3,1,0,2,3,0,1,1,1,0,1,0,1,0,0,0,1,0,0,0,0,0,0,0,0,0,0,1075,
131199,526,東京都,板橋区,2022/12/31,徳丸六丁目,5318,2703,2615,11,19,26,23,18,16,15,20,22,21,28,27,25,19,31,13,17,20,29,24,24,25,25,29,28,25,37,31,28,25,28,27,15,30,20,27,31,26,28,20,26,26,25,22,35,30,27,22,31,44,24,29,36,29,34,45,27,39,30,28,32,29,33,35,29,37,34,39,40,34,35,30,33,30,35,32,37,42,41,33,45,32,40,30,41,44,34,35,36,29,37,36,39,30,48,40,50,53,62,44,58,52,44,44,48,33,48,54,50,39,49,40,52,36,46,49,42,29,41,28,41,33,35,28,43,32,34,39,35,32,29,26,20,30,29,23,27,29,36,22,20,14,23,21,29,25,29,25,24,32,38,27,11,24,17,14,12,16,17,17,15,16,12,17,16,17,11,10,9,14,9,23,10,18,5,10,4,8,5,18,3,9,3,10,6,8,1,9,2,4,0,7,1,4,2,1,0,3,0,0,0,1,0,0,0,0,0,0,0,0,0,0,2512,
131199,527,東京都,板橋区,2022/12/31,徳丸七丁目,1824,931,893,13,6,6,9,8,5,13,12,12,4,5,12,7,6,8,6,12,14,11,5,11,9,9,7,10,6,13,5,9,10,9,3,9,14,10,6,6,8,12,11,7,6,11,14,8,8,14,8,12,5,12,14,9,7,6,13,17,5,11,9,10,11,17,14,13,10,17,11,15,17,11,15,10,10,11,14,9,7,12,13,11,21,12,7,22,16,16,14,18,20,17,18,14,17,21,15,14,9,11,17,17,18,18,15,18,13,11,15,11,8,13,14,10,13,11,14,17,13,10,10,15,8,8,9,12,14,12,12,12,9,7,7,7,10,7,7,6,9,9,13,10,6,7,7,14,13,10,12,14,11,7,10,7,6,9,2,3,7,3,7,8,6,4,5,5,6,3,5,3,6,0,3,1,5,1,5,1,1,1,3,6,2,0,5,1,2,0,2,0,1,0,1,0,0,0,0,0,0,1,0,0,0,0,0,0,0,0,0,0,0,0,0,837,
131199,528,東京都,板橋区,2022/12/31,徳丸八丁目,2118,1084,1034,6,4,5,9,8,7,6,9,6,6,12,6,15,6,12,8,11,10,10,9,13,12,15,15,16,15,11,11,15,9,19,15,14,14,13,12,9,15,17,13,24,9,10,10,12,15,19,13,5,12,12,11,9,10,15,9,11,7,6,4,7,7,10,15,17,11,13,11,13,9,14,16,16,12,19,7,14,12,13,19,18,11,13,17,23,22,17,18,17,24,19,18,13,18,20,10,14,19,22,32,15,26,24,22,18,28,25,13,17,18,24,21,14,15,25,17,20,15,13,16,15,11,19,14,6,8,6,6,13,10,9,11,7,10,12,8,12,8,12,13,7,14,15,5,9,13,11,10,7,13,7,7,5,4,5,7,14,6,4,7,2,3,5,6,3,4,3,2,2,4,4,4,2,4,3,5,1,0,1,3,0,2,0,1,0,3,0,0,0,1,0,1,0,0,0,2,0,0,0,0,0,0,0,0,0,0,0,0,0,0,0,0,931,
131199,530,東京都,板橋区,2022/12/31,東山町,3891,1896,1995,10,10,9,12,18,7,13,13,12,21,6,17,9,17,19,9,17,13,18,18,9,11,15,11,18,11,8,13,15,14,15,7,15,10,11,15,14,6,13,15,22,12,24,23,22,20,29,34,27,29,43,37,30,36,28,34,30,35,28,37,21,26,33,24,16,37,24,23,24,28,26,33,23,18,33,30,37,31,32,31,30,28,40,29,21,28,28,19,31,22,32,26,25,25,25,24,30,24,22,30,26,28,36,35,23,29,32,40,34,24,34,19,24,18,23,26,36,30,21,34,12,20,21,29,32,19,16,22,26,20,19,20,27,17,19,23,23,25,15,25,21,21,21,19,17,20,27,17,27,33,27,20,13,15,13,15,13,24,16,22,9,18,15,26,10,20,14,11,5,15,11,12,5,18,8,16,4,9,7,9,4,14,2,11,4,5,2,4,1,3,0,1,0,3,1,4,0,1,0,0,0,1,0,1,0,0,0,1,0,0,0,0,2254,
131199,541,東京都,板橋区,2022/12/31,桜川一丁目,2662,1283,1379,9,5,9,3,10,11,13,12,12,5,11,11,13,13,11,7,12,9,16,9,11,10,6,13,11,5,12,16,14,14,7,7,11,14,12,5,6,14,11,7,11,15,13,13,23,24,14,19,21,22,24,36,19,37,21,28,29,24,18,22,29,30,18,21,15,23,17,24,14,20,28,17,11,25,17,17,27,17,17,27,15,14,23,21,22,20,26,10,21,16,15,25,22,19,17,20,24,26,25,21,15,18,21,16,22,29,24,22,18,16,18,18,14,14,16,17,15,13,14,21,12,10,11,14,12,16,18,11,25,10,11,9,11,11,13,9,9,12,19,11,9,5,8,13,10,12,11,9,11,26,11,13,2,12,3,9,6,7,12,11,6,8,13,11,7,12,6,9,6,8,5,4,4,4,4,6,4,7,2,10,4,9,1,5,2,4,3,4,1,4,1,2,0,5,0,4,0,0,0,1,0,3,0,1,0,1,0,0,0,0,0,0,1513,
131199,542,東京都,板橋区,2022/12/31,桜川二丁目,,,,,,,,,,,,,,,,,,,,,,,,,,,,,,,,,,,,,,,,,,,,,,,,,,,,,,,,,,,,,,,,,,,,,,,,,,,,,,,,,,,,,,,,,,,,,,,,,,,,,,,,,,,,,,,,,,,,,,,,,,,,,,,,,,,,,,,,,,,,,,,,,,,,,,,,,,,,,,,,,,,,,,,,,,,,,,,,,,,,,,,,,,,,,,,,,,,,,,,,,,,,,,,,,,,,,,,,,
131199,543,東京都,板橋区,2022/12/31,桜川三丁目,2166,1040,1126,11,7,8,5,9,15,8,6,8,10,10,6,9,10,11,8,12,9,12,10,4,7,7,9,7,7,1,5,5,9,6,6,4,6,7,10,10,11,9,6,10,8,11,6,4,13,12,11,9,16,21,19,12,18,14,13,14,19,10,16,15,12,8,23,13,17,13,21,20,13,15,11,14,14,28,18,17,17,18,19,23,25,20,21,24,24,18,19,12,9,18,17,15,13,13,9,13,13,12,18,15,17,15,18,18,15,9,22,13,17,22,11,15,15,20,17,12,12,14,13,17,9,14,18,9,6,10,19,17,14,6,8,15,6,15,4,11,6,9,7,8,11,10,10,12,10,13,14,7,16,6,18,7,11,7,4,10,7,10,11,12,11,6,6,7,10,5,7,4,8,1,10,6,13,7,12,9,10,1,6,3,7,3,3,1,5,1,4,1,1,0,6,3,1,0,2,0,1,0,1,0,2,0,0,0,0,0,0,0,0,0,0,1205,
131199,551,東京都,板橋区,2022/12/31,高島平一丁目,8599,4370,4229,34,24,42,32,35,25,28,30,36,32,30,28,40,22,41,15,30,37,29,23,30,30,41,26,36,22,23,24,36,32,36,28,37,37,43,30,33,18,43,34,49,51,49,45,42,66,64,99,71,100,89,83,94,82,84,100,99,102,87,82,87,77,78,81,81,59,70,70,75,68,70,61,70,66,69,64,77,77,63,69,68,54,63,44,54,61,55,54,63,67,59,63,66,62,67,80,79,72,64,71,81,61,71,63,76,68,63,49,77,61,62,58,42,40,61,54,71,46,60,50,53,50,43,43,44,39,34,32,43,39,29,28,32,30,44,35,33,30,33,41,32,38,35,37,42,33,48,46,33,34,42,46,30,31,20,37,17,32,29,30,29,27,23,34,30,28,18,29,13,21,11,17,9,16,10,22,10,10,9,10,6,10,4,8,2,10,3,7,2,7,1,3,1,4,0,1,0,1,0,0,0,3,0,1,0,0,0,0,0,0,0,0,5019,
131199,552,東京都,板橋区,2022/12/31,高島平二丁目,12616,6141,6475,23,11,24,23,33,31,21,30,34,19,25,25,27,23,17,17,21,17,15,21,27,17,32,23,16,16,20,15,30,28,21,20,22,25,18,28,28,24,19,21,28,22,33,40,43,22,29,55,49,51,57,58,57,70,52,68,62,76,63,58,65,70,77,41,74,63,79,64,72,55,70,61,62,64,56,42,69,53,49,50,76,52,58,57,61,49,73,62,73,42,70,64,76,66,79,76,98,76,122,108,118,97,112,74,111,77,84,80,89,73,97,86,66,53,89,76,77,64,78,49,66,57,83,51,78,43,80,53,68,57,77,82,75,72,81,69,88,97,87,109,110,103,136,120,122,137,150,160,147,218,151,208,122,165,76,102,122,155,134,161,113,161,112,165,101,149,80,121,72,117,72,112,47,106,53,89,23,72,26,69,24,43,11,27,10,32,5,24,3,21,5,16,2,10,1,13,0,6,2,3,0,1,0,0,0,1,0,0,0,0,0,0,8424,
131199,553,東京都,板橋区,2022/12/31,高島平三丁目,5319,2452,2867,5,8,8,6,9,8,8,14,11,7,13,11,13,13,20,10,16,11,14,22,16,12,17,13,13,14,20,18,16,16,21,21,16,18,11,18,16,21,21,19,21,20,11,32,23,16,29,15,25,18,34,20,21,21,25,31,19,19,19,24,19,19,15,18,17,16,21,25,32,11,14,11,23,21,18,24,25,24,21,24,24,28,22,28,38,37,33,30,33,22,26,31,37,31,30,45,41,39,46,49,43,44,52,40,54,34,37,42,42,39,30,29,23,31,28,36,34,20,26,26,24,47,21,22,23,26,29,31,29,23,23,28,26,30,27,26,33,49,34,49,25,50,27,56,49,54,48,72,52,72,51,72,40,59,36,46,40,44,38,59,37,58,47,73,32,43,37,47,37,44,30,58,21,40,25,44,27,35,28,30,13,32,10,12,4,14,4,15,2,11,3,4,4,6,0,7,1,1,0,2,0,4,0,2,0,0,0,0,0,0,0,0,2906,
131199,554,東京都,板橋区,2022/12/31,高島平四丁目,2017,1047,970,5,7,6,5,4,6,8,10,7,10,8,10,15,6,7,7,16,9,7,13,6,8,15,8,4,12,8,9,6,12,17,8,12,11,7,8,15,7,11,8,16,14,12,10,15,6,11,9,15,8,9,11,13,11,12,10,15,9,12,9,17,12,14,8,8,5,9,9,8,12,17,5,10,10,9,10,8,15,13,11,3,14,24,9,18,12,12,11,18,14,15,12,24,21,21,20,25,12,14,20,20,24,21,16,21,14,15,22,17,11,20,14,9,11,21,12,11,11,15,8,14,16,9,9,15,13,13,9,13,8,8,9,9,11,11,9,4,8,12,8,11,17,11,8,12,11,11,10,15,12,10,9,13,7,4,9,4,18,9,12,10,16,9,6,3,5,5,8,5,10,7,7,3,5,7,10,5,3,8,6,3,9,1,5,0,5,0,1,0,1,1,0,0,2,0,0,0,1,1,0,0,0,0,1,0,0,0,0,0,0,0,0,1011,
131199,555,東京都,板橋区,2022/12/31,高島平五丁目,3423,1821,1602,14,11,15,6,14,15,11,10,13,10,15,4,16,16,10,6,9,16,13,16,10,20,15,15,12,13,12,22,21,12,14,9,19,9,18,15,14,6,21,13,12,23,13,16,40,24,17,25,33,27,31,30,33,25,32,26,21,16,21,18,27,13,20,15,28,22,25,19,29,17,27,15,14,18,21,20,17,24,32,17,25,19,24,27,24,16,17,12,18,20,15,17,32,26,24,18,33,22,23,28,29,17,31,18,41,21,31,26,30,29,31,19,21,17,26,23,29,18,33,25,27,22,29,19,26,11,16,18,26,18,22,10,18,14,21,12,17,11,15,21,19,20,18,14,20,11,19,15,19,28,13,25,11,16,14,10,14,19,16,23,11,17,16,16,12,14,5,21,13,18,13,16,12,12,8,22,6,11,10,9,4,10,3,7,4,4,2,4,4,5,1,2,0,2,0,1,1,1,0,1,0,0,0,0,0,0,0,0,0,0,0,0,1853,
131199,556,東京都,板橋区,2022/12/31,高島平六丁目,50,50,0,0,0,0,0,0,0,0,0,0,0,0,0,0,0,0,0,0,0,0,0,0,0,0,0,0,0,0,0,0,0,0,0,0,0,0,0,0,0,0,0,0,0,1,0,0,0,3,0,0,0,0,0,0,0,1,0,0,0,2,0,0,0,0,0,2,0,0,0,0,0,1,0,1,0,0,0,1,0,2,0,2,0,1,0,2,0,1,0,1,0,2,0,1,0,1,0,1,0,4,0,1,0,1,0,2,0,2,0,0,0,3,0,0,0,3,0,0,0,1,0,1,0,0,0,1,0,0,0,2,0,1,0,0,0,1,0,0,0,0,0,0,0,0,0,0,0,0,0,0,0,0,0,0,0,0,0,0,0,0,0,0,0,1,0,0,0,0,0,0,0,0,0,0,0,0,0,0,0,0,0,0,0,0,0,0,0,0,0,0,0,0,0,0,0,0,0,0,0,0,0,0,0,0,0,0,0,0,0,0,0,0,0,50,
131199,557,東京都,板橋区,2022/12/31,高島平七丁目,4926,2504,2422,14,7,16,12,7,11,11,17,17,13,12,12,18,15,16,12,18,10,14,16,12,14,14,14,13,9,14,12,20,11,13,22,16,22,15,18,18,19,22,24,22,27,28,41,30,34,50,46,52,56,58,43,65,63,54,47,40,35,40,39,53,40,37,28,23,29,29,21,38,32,44,17,32,40,31,27,31,39,33,29,34,26,29,22,36,25,27,38,39,39,43,32,41,34,31,30,38,38,32,39,43,32,49,33,41,40,44,33,50,39,45,50,33,42,39,37,35,27,38,30,44,26,38,25,28,24,24,22,22,20,25,19,30,21,20,16,29,30,27,15,30,31,23,30,38,30,40,38,25,32,32,42,23,32,13,19,25,24,21,24,12,24,11,22,12,21,7,9,8,18,8,10,7,18,10,18,6,10,2,14,3,6,1,7,1,4,1,3,0,0,1,3,0,1,0,1,0,3,0,0,0,0,0,1,0,0,0,0,0,0,0,0,3030,
131199,558,東京都,板橋区,2022/12/31,高島平八丁目,3738,1840,1898,8,17,18,17,6,21,11,17,15,17,8,20,10,13,13,11,12,9,8,16,11,8,18,18,15,8,7,17,8,12,18,3,14,9,16,18,11,12,8,13,18,14,20,22,19,28,26,26,33,42,36,33,30,42,46,35,40,27,27,32,34,34,39,37,30,34,33,27,31,31,25,36,35,29,38,23,32,22,36,31,23,22,32,18,41,31,22,27,36,32,31,29,37,27,39,26,26,38,38,44,35,34,23,34,28,31,25,26,46,33,28,21,23,24,31,22,22,24,27,27,24,30,17,20,18,15,22,24,23,16,18,23,13,15,18,15,12,17,23,15,22,17,14,19,16,17,14,26,15,10,14,18,7,11,9,9,9,17,9,13,12,12,6,16,6,15,4,8,5,8,3,8,5,6,1,5,0,3,1,6,0,2,1,2,1,1,1,2,1,1,0,2,0,2,0,1,0,0,0,0,0,0,0,0,0,0,0,0,0,0,0,0,2163,
131199,559,東京都,板橋区,2022/12/31,高島平九丁目,8508,4008,4500,11,14,28,24,17,18,23,28,30,21,26,21,27,33,22,21,39,29,38,31,23,29,39,26,29,39,33,35,34,27,41,34,29,35,37,20,33,32,29,35,31,43,33,36,35,59,40,56,49,50,48,56,43,57,57,72,60,55,47,44,54,56,40,50,46,50,39,44,45,36,42,54,53,50,35,44,49,52,53,57,49,51,53,45,60,51,58,56,56,56,66,75,77,61,76,53,74,67,81,55,86,85,65,58,76,65,68,81,79,56,54,52,50,40,49,46,47,37,39,43,26,39,38,50,30,32,31,35,34,42,41,30,39,38,45,45,36,46,33,44,60,66,51,61,49,63,62,88,73,95,70,111,57,64,29,61,64,66,51,72,53,93,48,77,30,58,36,52,25,51,38,53,27,46,21,46,20,39,13,34,4,18,5,23,9,9,2,13,3,13,2,7,3,4,0,3,0,2,0,2,0,0,0,0,0,1,0,2,0,0,0,0,4896,
131199,561,東京都,板橋区,2022/12/31,新河岸一丁目,2393,1145,1248,2,6,4,4,2,0,2,7,3,4,12,5,10,8,5,6,11,6,11,7,13,11,8,11,13,11,11,10,19,12,19,16,13,21,16,17,18,18,8,25,13,18,18,8,14,13,10,6,18,15,10,18,15,11,21,10,10,10,7,14,12,6,5,10,8,6,7,7,10,8,7,6,8,8,6,2,11,6,7,13,13,14,13,10,17,12,15,26,18,12,27,22,22,29,22,18,27,22,26,27,17,28,20,19,24,21,21,27,28,16,15,23,10,16,22,14,14,20,14,15,11,12,13,15,10,5,9,13,8,11,8,12,13,6,6,15,16,12,7,15,14,16,16,15,13,18,15,26,18,28,16,25,10,17,10,14,22,28,14,18,14,6,12,21,13,12,5,15,14,14,8,12,4,10,8,6,4,8,7,4,2,9,2,3,0,3,0,5,0,2,1,1,0,2,0,1,0,0,0,1,0,0,0,0,0,0,0,0,0,1,0,0,1144,
131199,562,東京都,板橋区,2022/12/31,新河岸二丁目,1895,858,1037,1,0,5,1,1,1,0,0,0,2,0,2,1,1,4,3,1,1,4,1,2,3,5,3,4,4,5,5,5,3,6,6,5,5,7,6,8,3,10,11,11,5,11,6,11,12,8,3,10,6,8,6,2,3,5,5,4,4,3,3,6,3,1,1,2,5,3,2,2,3,3,4,6,3,4,7,2,1,3,6,3,5,7,4,7,9,7,2,6,4,3,13,10,6,9,11,14,15,16,20,16,13,16,10,9,14,13,17,18,15,18,11,12,7,12,17,8,14,12,7,14,8,6,6,7,7,13,6,10,17,10,12,10,11,14,10,10,15,13,10,13,13,17,20,14,27,18,26,17,16,30,37,19,19,13,26,16,31,33,29,15,30,34,31,23,28,12,27,19,33,11,31,14,23,12,31,7,21,6,17,4,18,3,10,0,12,0,6,3,4,2,0,0,2,1,1,0,3,0,0,0,0,0,0,0,0,0,0,0,0,0,0,1159,
131199,563,東京都,板橋区,2022/12/31,新河岸三丁目,739,400,339,1,1,1,2,2,2,0,1,0,3,3,1,3,1,3,1,2,0,0,3,5,1,5,0,4,1,2,1,1,1,2,0,3,2,3,1,1,2,7,6,10,3,8,5,2,8,5,7,9,3,2,8,5,4,4,6,7,4,11,2,3,1,5,3,7,3,7,8,2,2,6,2,5,5,4,6,5,3,3,2,4,5,4,4,10,5,3,3,6,2,5,5,7,4,9,4,5,2,9,5,4,3,3,7,7,9,6,6,6,6,8,6,5,1,5,5,11,8,6,4,7,4,8,2,7,5,3,1,1,1,9,4,5,3,2,5,3,4,1,4,10,4,3,6,7,0,7,5,6,7,5,8,4,5,5,5,3,6,7,4,3,5,2,7,4,3,0,1,1,2,0,5,2,4,0,1,2,2,0,3,1,2,1,4,0,0,0,3,0,2,0,0,0,0,0,2,0,1,0,0,0,0,0,0,0,0,0,0,0,0,0,0,454,
131199,571,東京都,板橋区,2022/12/31,舟渡一丁目,3199,1531,1668,16,12,9,10,10,8,11,12,4,11,8,6,15,10,14,14,15,16,10,13,14,14,16,15,22,13,17,11,16,6,9,13,15,12,11,10,14,16,12,25,14,12,17,14,25,22,20,32,15,47,30,45,28,28,32,34,27,30,27,27,29,32,22,32,19,19,27,23,32,28,19,19,15,20,20,21,20,25,21,25,22,31,30,27,24,29,18,39,32,29,29,25,27,29,32,24,23,30,30,29,31,26,39,27,23,33,27,28,30,23,40,26,12,16,21,26,22,17,20,13,15,9,22,16,15,14,11,16,13,15,15,11,15,13,16,16,9,12,13,14,7,12,12,13,16,18,9,12,14,16,11,12,11,7,6,4,5,9,4,17,2,7,8,8,7,7,5,8,4,5,4,5,2,9,3,4,2,7,3,4,0,10,2,3,1,5,0,5,0,6,0,3,0,0,0,2,0,3,0,1,0,0,0,0,0,1,0,0,0,0,0,0,1793,
131199,572,東京都,板橋区,2022/12/31,舟渡二丁目,4251,2134,2117,15,13,15,16,26,15,26,14,24,27,19,20,9,23,18,20,19,15,22,26,20,19,20,17,17,22,16,14,14,13,15,13,12,15,6,15,14,14,13,11,22,15,21,25,26,27,24,27,28,32,32,27,46,36,28,28,29,31,26,32,37,38,30,27,25,23,36,29,37,29,29,26,34,40,28,31,30,31,33,36,32,30,30,22,36,29,33,38,36,38,35,27,45,36,31,39,39,47,32,36,47,31,29,45,38,25,35,36,32,34,31,25,22,31,31,33,30,20,28,16,21,13,19,18,18,23,23,12,24,15,19,15,20,17,28,11,19,19,17,14,19,27,17,24,22,17,29,25,15,24,30,26,12,20,11,17,27,21,18,23,15,18,21,23,13,15,16,12,8,10,8,11,8,13,7,11,4,19,5,8,0,6,0,7,3,4,1,3,3,1,0,1,0,1,1,1,0,2,0,0,0,0,0,0,0,0,0,0,0,0,0,0,2189,
131199,573,東京都,板橋区,2022/12/31,舟渡三丁目,1545,779,766,4,2,6,4,5,5,5,6,6,10,8,8,4,8,3,5,10,5,7,10,8,8,9,5,9,5,8,7,7,3,5,5,3,8,7,6,4,5,3,5,5,1,11,8,17,9,13,8,9,10,11,10,11,7,16,13,11,14,10,9,8,10,11,15,7,14,14,10,9,11,16,14,11,10,11,11,7,8,8,17,15,17,10,8,15,7,13,10,11,9,8,6,14,6,8,11,14,12,9,15,21,8,15,12,13,10,10,5,11,7,7,8,2,10,10,10,14,6,13,11,8,11,10,9,10,8,12,5,8,8,5,8,10,8,8,9,14,9,9,11,13,9,11,8,13,3,8,5,9,8,9,8,4,10,1,0,2,6,3,6,7,7,4,10,2,10,4,5,1,5,1,9,3,5,3,7,4,6,3,9,0,5,1,3,3,4,1,5,0,1,2,4,0,1,3,0,0,1,0,2,0,0,0,1,0,0,0,0,0,0,0,0,852,
131199,574,東京都,板橋区,2022/12/31,舟渡四丁目,162,92,70,5,0,0,2,0,3,1,1,0,0,0,0,0,0,0,0,0,0,0,0,0,0,0,0,0,0,0,0,0,0,0,0,0,0,0,0,0,0,0,2,0,0,2,1,1,0,1,1,1,4,1,4,4,8,5,4,6,6,3,3,6,6,5,3,6,4,3,3,4,1,3,0,4,1,1,0,3,0,2,0,1,0,0,0,0,0,2,1,1,0,2,0,1,1,0,0,0,0,0,0,1,0,0,1,1,0,0,2,0,0,2,0,1,1,1,0,2,0,0,0,0,0,0,0,1,0,0,0,0,1,0,1,1,0,0,0,1,0,0,1,1,1,0,0,0,0,1,0,0,0,1,1,1,1,0,0,1,0,0,1,0,0,0,0,0,0,0,0,0,0,0,0,0,0,0,0,0,0,0,0,0,0,0,0,0,0,0,0,0,0,1,0,0,0,1,0,0,0,0,0,0,0,0,0,0,0,0,0,0,0,0,0,95,
,,,,,,,,,,,,,,,,,,,,,,,,,,,,,,,,,,,,,,,,,,,,,,,,,,,,,,,,,,,,,,,,,,,,,,,,,,,,,,,,,,,,,,,,,,,,,,,,,,,,,,,,,,,,,,,,,,,,,,,,,,,,,,,,,,,,,,,,,,,,,,,,,,,,,,,,,,,,,,,,,,,,,,,,,,,,,,,,,,,,,,,,,,,,,,,,,,,,,,,,,,,,,,,,,,,,,,,,,,,,,,
