t,,N,,j,
2023/1/1,vP,0,44,18,26
2023/1/1,vP,1,45,22,23
2023/1/1,vP,2,39,18,21
2023/1/1,vP,3,38,17,21
2023/1/1,vP,4,34,17,17
2023/1/1,vP,0`4,200,92,108
2023/1/1,vP,5,37,22,15
2023/1/1,vP,6,41,20,21
2023/1/1,vP,7,42,21,21
2023/1/1,vP,8,44,25,19
2023/1/1,vP,9,44,27,17
2023/1/1,vP,5`9,208,115,93
2023/1/1,vP,10,30,16,14
2023/1/1,vP,11,30,21,9
2023/1/1,vP,12,27,15,12
2023/1/1,vP,13,23,12,11
2023/1/1,vP,14,44,24,20
2023/1/1,vP,10`14,154,88,66
2023/1/1,vP,15,32,15,17
2023/1/1,vP,16,28,12,16
2023/1/1,vP,17,34,11,23
2023/1/1,vP,18,28,13,15
2023/1/1,vP,19,38,20,18
2023/1/1,vP,15`19,160,71,89
2023/1/1,vP,20,31,15,16
2023/1/1,vP,21,54,31,23
2023/1/1,vP,22,45,17,28
2023/1/1,vP,23,72,41,31
2023/1/1,vP,24,51,33,18
2023/1/1,vP,20`24,253,137,116
2023/1/1,vP,25,68,40,28
2023/1/1,vP,26,63,39,24
2023/1/1,vP,27,59,34,25
2023/1/1,vP,28,79,35,44
2023/1/1,vP,29,91,45,46
2023/1/1,vP,25`29,360,193,167
2023/1/1,vP,30,80,42,38
2023/1/1,vP,31,58,30,28
2023/1/1,vP,32,58,27,31
2023/1/1,vP,33,66,36,30
2023/1/1,vP,34,71,39,32
2023/1/1,vP,30`34,333,174,159
2023/1/1,vP,35,78,48,30
2023/1/1,vP,36,76,49,27
2023/1/1,vP,37,70,36,34
2023/1/1,vP,38,71,33,38
2023/1/1,vP,39,71,40,31
2023/1/1,vP,35`39,366,206,160
2023/1/1,vP,40,71,37,34
2023/1/1,vP,41,68,33,35
2023/1/1,vP,42,87,42,45
2023/1/1,vP,43,47,31,16
2023/1/1,vP,44,63,31,32
2023/1/1,vP,40`44,336,174,162
2023/1/1,vP,45,69,36,33
2023/1/1,vP,46,67,30,37
2023/1/1,vP,47,75,39,36
2023/1/1,vP,48,79,49,30
2023/1/1,vP,49,80,39,41
2023/1/1,vP,45`49,370,193,177
2023/1/1,vP,50,80,38,42
2023/1/1,vP,51,70,33,37
2023/1/1,vP,52,49,23,26
2023/1/1,vP,53,46,19,27
2023/1/1,vP,54,50,27,23
2023/1/1,vP,50`54,295,140,155
2023/1/1,vP,55,66,33,33
2023/1/1,vP,56,51,29,22
2023/1/1,vP,57,45,25,20
2023/1/1,vP,58,44,28,16
2023/1/1,vP,59,44,27,17
2023/1/1,vP,55`59,250,142,108
2023/1/1,vP,60,45,23,22
2023/1/1,vP,61,49,23,26
2023/1/1,vP,62,43,19,24
2023/1/1,vP,63,37,23,14
2023/1/1,vP,64,53,24,29
2023/1/1,vP,60`64,227,112,115
2023/1/1,vP,65,36,18,18
2023/1/1,vP,66,42,19,23
2023/1/1,vP,67,29,16,13
2023/1/1,vP,68,41,21,20
2023/1/1,vP,69,44,21,23
2023/1/1,vP,65`69,192,95,97
2023/1/1,vP,70,33,12,21
2023/1/1,vP,71,41,27,14
2023/1/1,vP,72,62,32,30
2023/1/1,vP,73,49,25,24
2023/1/1,vP,74,59,25,34
2023/1/1,vP,70`74,244,121,123
2023/1/1,vP,75,39,15,24
2023/1/1,vP,76,29,11,18
2023/1/1,vP,77,24,8,16
2023/1/1,vP,78,35,15,20
2023/1/1,vP,79,28,9,19
2023/1/1,vP,75`79,155,58,97
2023/1/1,vP,80,33,16,17
2023/1/1,vP,81,44,22,22
2023/1/1,vP,82,34,16,18
2023/1/1,vP,83,25,10,15
2023/1/1,vP,84,20,13,7
2023/1/1,vP,80`84,156,77,79
2023/1/1,vP,85,32,15,17
2023/1/1,vP,86,22,6,16
2023/1/1,vP,87,20,8,12
2023/1/1,vP,88,13,4,9
2023/1/1,vP,89,8,3,5
2023/1/1,vP,85`89,95,36,59
2023/1/1,vP,90,14,5,9
2023/1/1,vP,91,12,2,10
2023/1/1,vP,92,13,2,11
2023/1/1,vP,93,10,3,7
2023/1/1,vP,94,6,0,6
2023/1/1,vP,90`94,55,12,43
2023/1/1,vP,95,1,0,1
2023/1/1,vP,96,5,1,4
2023/1/1,vP,97,2,0,2
2023/1/1,vP,98,1,1,0
2023/1/1,vP,99,1,0,1
2023/1/1,vP,95`99,10,2,8
2023/1/1,vP,100,0,0,0
2023/1/1,vP,101,1,0,1
2023/1/1,vP,102,1,1,0
2023/1/1,vP,103,0,0,0
2023/1/1,vP,104,0,0,0
2023/1/1,vP,100`104,2,1,1
2023/1/1,vP,105ȏ,0,0,0
2023/1/1,vP,sڎ,0,0,0
2023/1/1,vP,v,4421,2239,2182
2023/1/1,vQ,0,25,8,17
2023/1/1,vQ,1,26,13,13
2023/1/1,vQ,2,24,11,13
2023/1/1,vQ,3,30,19,11
2023/1/1,vQ,4,36,22,14
2023/1/1,vQ,0`4,141,73,68
2023/1/1,vQ,5,23,11,12
2023/1/1,vQ,6,31,13,18
2023/1/1,vQ,7,30,14,16
2023/1/1,vQ,8,31,18,13
2023/1/1,vQ,9,19,7,12
2023/1/1,vQ,5`9,134,63,71
2023/1/1,vQ,10,28,12,16
2023/1/1,vQ,11,36,18,18
2023/1/1,vQ,12,30,16,14
2023/1/1,vQ,13,28,9,19
2023/1/1,vQ,14,39,19,20
2023/1/1,vQ,10`14,161,74,87
2023/1/1,vQ,15,30,19,11
2023/1/1,vQ,16,21,12,9
2023/1/1,vQ,17,26,14,12
2023/1/1,vQ,18,39,22,17
2023/1/1,vQ,19,28,16,12
2023/1/1,vQ,15`19,144,83,61
2023/1/1,vQ,20,39,17,22
2023/1/1,vQ,21,34,16,18
2023/1/1,vQ,22,32,20,12
2023/1/1,vQ,23,51,19,32
2023/1/1,vQ,24,50,30,20
2023/1/1,vQ,20`24,206,102,104
2023/1/1,vQ,25,63,34,29
2023/1/1,vQ,26,69,32,37
2023/1/1,vQ,27,60,31,29
2023/1/1,vQ,28,71,35,36
2023/1/1,vQ,29,72,37,35
2023/1/1,vQ,25`29,335,169,166
2023/1/1,vQ,30,65,34,31
2023/1/1,vQ,31,47,27,20
2023/1/1,vQ,32,50,27,23
2023/1/1,vQ,33,70,28,42
2023/1/1,vQ,34,49,29,20
2023/1/1,vQ,30`34,281,145,136
2023/1/1,vQ,35,71,36,35
2023/1/1,vQ,36,50,27,23
2023/1/1,vQ,37,60,36,24
2023/1/1,vQ,38,61,39,22
2023/1/1,vQ,39,57,35,22
2023/1/1,vQ,35`39,299,173,126
2023/1/1,vQ,40,57,32,25
2023/1/1,vQ,41,57,28,29
2023/1/1,vQ,42,55,29,26
2023/1/1,vQ,43,59,32,27
2023/1/1,vQ,44,79,34,45
2023/1/1,vQ,40`44,307,155,152
2023/1/1,vQ,45,58,30,28
2023/1/1,vQ,46,63,34,29
2023/1/1,vQ,47,52,23,29
2023/1/1,vQ,48,77,40,37
2023/1/1,vQ,49,78,40,38
2023/1/1,vQ,45`49,328,167,161
2023/1/1,vQ,50,79,49,30
2023/1/1,vQ,51,54,32,22
2023/1/1,vQ,52,59,31,28
2023/1/1,vQ,53,67,28,39
2023/1/1,vQ,54,63,33,30
2023/1/1,vQ,50`54,322,173,149
2023/1/1,vQ,55,61,34,27
2023/1/1,vQ,56,47,18,29
2023/1/1,vQ,57,57,27,30
2023/1/1,vQ,58,62,36,26
2023/1/1,vQ,59,50,26,24
2023/1/1,vQ,55`59,277,141,136
2023/1/1,vQ,60,47,27,20
2023/1/1,vQ,61,50,34,16
2023/1/1,vQ,62,40,17,23
2023/1/1,vQ,63,53,29,24
2023/1/1,vQ,64,43,24,19
2023/1/1,vQ,60`64,233,131,102
2023/1/1,vQ,65,47,28,19
2023/1/1,vQ,66,50,21,29
2023/1/1,vQ,67,41,21,20
2023/1/1,vQ,68,45,27,18
2023/1/1,vQ,69,54,29,25
2023/1/1,vQ,65`69,237,126,111
2023/1/1,vQ,70,44,19,25
2023/1/1,vQ,71,43,17,26
2023/1/1,vQ,72,54,34,20
2023/1/1,vQ,73,62,35,27
2023/1/1,vQ,74,54,28,26
2023/1/1,vQ,70`74,257,133,124
2023/1/1,vQ,75,71,35,36
2023/1/1,vQ,76,41,19,22
2023/1/1,vQ,77,33,19,14
2023/1/1,vQ,78,39,15,24
2023/1/1,vQ,79,40,15,25
2023/1/1,vQ,75`79,224,103,121
2023/1/1,vQ,80,46,17,29
2023/1/1,vQ,81,46,18,28
2023/1/1,vQ,82,37,15,22
2023/1/1,vQ,83,42,16,26
2023/1/1,vQ,84,33,12,21
2023/1/1,vQ,80`84,204,78,126
2023/1/1,vQ,85,24,12,12
2023/1/1,vQ,86,29,6,23
2023/1/1,vQ,87,25,7,18
2023/1/1,vQ,88,18,4,14
2023/1/1,vQ,89,29,13,16
2023/1/1,vQ,85`89,125,42,83
2023/1/1,vQ,90,12,5,7
2023/1/1,vQ,91,12,4,8
2023/1/1,vQ,92,7,2,5
2023/1/1,vQ,93,4,2,2
2023/1/1,vQ,94,7,1,6
2023/1/1,vQ,90`94,42,14,28
2023/1/1,vQ,95,3,0,3
2023/1/1,vQ,96,1,0,1
2023/1/1,vQ,97,3,1,2
2023/1/1,vQ,98,3,0,3
2023/1/1,vQ,99,1,0,1
2023/1/1,vQ,95`99,11,1,10
2023/1/1,vQ,100,0,0,0
2023/1/1,vQ,101,1,0,1
2023/1/1,vQ,102,1,0,1
2023/1/1,vQ,103,0,0,0
2023/1/1,vQ,104,0,0,0
2023/1/1,vQ,100`104,2,0,2
2023/1/1,vQ,105ȏ,0,0,0
2023/1/1,vQ,sڎ,0,0,0
2023/1/1,vQ,v,4270,2146,2124
2023/1/1,vR,0,36,21,15
2023/1/1,vR,1,30,18,12
2023/1/1,vR,2,38,18,20
2023/1/1,vR,3,36,21,15
2023/1/1,vR,4,39,13,26
2023/1/1,vR,0`4,179,91,88
2023/1/1,vR,5,38,19,19
2023/1/1,vR,6,37,24,13
2023/1/1,vR,7,29,14,15
2023/1/1,vR,8,34,20,14
2023/1/1,vR,9,28,15,13
2023/1/1,vR,5`9,166,92,74
2023/1/1,vR,10,28,16,12
2023/1/1,vR,11,31,16,15
2023/1/1,vR,12,25,15,10
2023/1/1,vR,13,36,25,11
2023/1/1,vR,14,26,11,15
2023/1/1,vR,10`14,146,83,63
2023/1/1,vR,15,25,12,13
2023/1/1,vR,16,22,11,11
2023/1/1,vR,17,27,11,16
2023/1/1,vR,18,28,13,15
2023/1/1,vR,19,34,13,21
2023/1/1,vR,15`19,136,60,76
2023/1/1,vR,20,33,16,17
2023/1/1,vR,21,35,14,21
2023/1/1,vR,22,34,21,13
2023/1/1,vR,23,44,21,23
2023/1/1,vR,24,48,27,21
2023/1/1,vR,20`24,194,99,95
2023/1/1,vR,25,47,26,21
2023/1/1,vR,26,53,26,27
2023/1/1,vR,27,53,20,33
2023/1/1,vR,28,44,17,27
2023/1/1,vR,29,57,28,29
2023/1/1,vR,25`29,254,117,137
2023/1/1,vR,30,58,32,26
2023/1/1,vR,31,74,37,37
2023/1/1,vR,32,62,32,30
2023/1/1,vR,33,62,34,28
2023/1/1,vR,34,62,43,19
2023/1/1,vR,30`34,318,178,140
2023/1/1,vR,35,50,24,26
2023/1/1,vR,36,58,25,33
2023/1/1,vR,37,52,28,24
2023/1/1,vR,38,67,34,33
2023/1/1,vR,39,60,31,29
2023/1/1,vR,35`39,287,142,145
2023/1/1,vR,40,55,21,34
2023/1/1,vR,41,65,32,33
2023/1/1,vR,42,55,30,25
2023/1/1,vR,43,51,29,22
2023/1/1,vR,44,59,33,26
2023/1/1,vR,40`44,285,145,140
2023/1/1,vR,45,59,28,31
2023/1/1,vR,46,69,39,30
2023/1/1,vR,47,55,28,27
2023/1/1,vR,48,57,30,27
2023/1/1,vR,49,49,26,23
2023/1/1,vR,45`49,289,151,138
2023/1/1,vR,50,46,24,22
2023/1/1,vR,51,53,24,29
2023/1/1,vR,52,49,25,24
2023/1/1,vR,53,39,22,17
2023/1/1,vR,54,49,21,28
2023/1/1,vR,50`54,236,116,120
2023/1/1,vR,55,41,20,21
2023/1/1,vR,56,36,20,16
2023/1/1,vR,57,47,19,28
2023/1/1,vR,58,47,28,19
2023/1/1,vR,59,43,26,17
2023/1/1,vR,55`59,214,113,101
2023/1/1,vR,60,32,17,15
2023/1/1,vR,61,27,12,15
2023/1/1,vR,62,34,14,20
2023/1/1,vR,63,31,19,12
2023/1/1,vR,64,25,11,14
2023/1/1,vR,60`64,149,73,76
2023/1/1,vR,65,32,13,19
2023/1/1,vR,66,23,9,14
2023/1/1,vR,67,38,16,22
2023/1/1,vR,68,30,16,14
2023/1/1,vR,69,42,26,16
2023/1/1,vR,65`69,165,80,85
2023/1/1,vR,70,38,20,18
2023/1/1,vR,71,30,16,14
2023/1/1,vR,72,30,16,14
2023/1/1,vR,73,40,18,22
2023/1/1,vR,74,42,21,21
2023/1/1,vR,70`74,180,91,89
2023/1/1,vR,75,44,21,23
2023/1/1,vR,76,26,12,14
2023/1/1,vR,77,25,14,11
2023/1/1,vR,78,25,11,14
2023/1/1,vR,79,30,8,22
2023/1/1,vR,75`79,150,66,84
2023/1/1,vR,80,29,17,12
2023/1/1,vR,81,24,10,14
2023/1/1,vR,82,26,7,19
2023/1/1,vR,83,31,15,16
2023/1/1,vR,84,13,5,8
2023/1/1,vR,80`84,123,54,69
2023/1/1,vR,85,22,6,16
2023/1/1,vR,86,15,4,11
2023/1/1,vR,87,20,6,14
2023/1/1,vR,88,12,3,9
2023/1/1,vR,89,11,2,9
2023/1/1,vR,85`89,80,21,59
2023/1/1,vR,90,14,4,10
2023/1/1,vR,91,9,2,7
2023/1/1,vR,92,5,1,4
2023/1/1,vR,93,3,1,2
2023/1/1,vR,94,7,1,6
2023/1/1,vR,90`94,38,9,29
2023/1/1,vR,95,1,0,1
2023/1/1,vR,96,2,0,2
2023/1/1,vR,97,5,1,4
2023/1/1,vR,98,2,0,2
2023/1/1,vR,99,1,0,1
2023/1/1,vR,95`99,11,1,10
2023/1/1,vR,100,0,0,0
2023/1/1,vR,101,0,0,0
2023/1/1,vR,102,0,0,0
2023/1/1,vR,103,0,0,0
2023/1/1,vR,104,0,0,0
2023/1/1,vR,100`104,0,0,0
2023/1/1,vR,105ȏ,0,0,0
2023/1/1,vR,sڎ,0,0,0
2023/1/1,vR,v,3600,1782,1818
2023/1/1,vS,0,29,9,20
2023/1/1,vS,1,35,22,13
2023/1/1,vS,2,33,20,13
2023/1/1,vS,3,30,10,20
2023/1/1,vS,4,22,7,15
2023/1/1,vS,0`4,149,68,81
2023/1/1,vS,5,29,17,12
2023/1/1,vS,6,20,12,8
2023/1/1,vS,7,23,8,15
2023/1/1,vS,8,29,12,17
2023/1/1,vS,9,27,17,10
2023/1/1,vS,5`9,128,66,62
2023/1/1,vS,10,19,10,9
2023/1/1,vS,11,24,12,12
2023/1/1,vS,12,27,13,14
2023/1/1,vS,13,12,5,7
2023/1/1,vS,14,28,14,14
2023/1/1,vS,10`14,110,54,56
2023/1/1,vS,15,22,10,12
2023/1/1,vS,16,23,11,12
2023/1/1,vS,17,31,14,17
2023/1/1,vS,18,28,15,13
2023/1/1,vS,19,26,12,14
2023/1/1,vS,15`19,130,62,68
2023/1/1,vS,20,39,22,17
2023/1/1,vS,21,41,21,20
2023/1/1,vS,22,45,26,19
2023/1/1,vS,23,67,30,37
2023/1/1,vS,24,75,41,34
2023/1/1,vS,20`24,267,140,127
2023/1/1,vS,25,88,39,49
2023/1/1,vS,26,93,48,45
2023/1/1,vS,27,90,41,49
2023/1/1,vS,28,85,38,47
2023/1/1,vS,29,77,27,50
2023/1/1,vS,25`29,433,193,240
2023/1/1,vS,30,93,55,38
2023/1/1,vS,31,86,46,40
2023/1/1,vS,32,66,37,29
2023/1/1,vS,33,69,36,33
2023/1/1,vS,34,68,34,34
2023/1/1,vS,30`34,382,208,174
2023/1/1,vS,35,62,36,26
2023/1/1,vS,36,70,43,27
2023/1/1,vS,37,76,41,35
2023/1/1,vS,38,75,43,32
2023/1/1,vS,39,59,35,24
2023/1/1,vS,35`39,342,198,144
2023/1/1,vS,40,58,25,33
2023/1/1,vS,41,54,28,26
2023/1/1,vS,42,54,26,28
2023/1/1,vS,43,67,37,30
2023/1/1,vS,44,68,39,29
2023/1/1,vS,40`44,301,155,146
2023/1/1,vS,45,60,25,35
2023/1/1,vS,46,54,29,25
2023/1/1,vS,47,61,36,25
2023/1/1,vS,48,71,37,34
2023/1/1,vS,49,63,40,23
2023/1/1,vS,45`49,309,167,142
2023/1/1,vS,50,59,29,30
2023/1/1,vS,51,67,41,26
2023/1/1,vS,52,62,35,27
2023/1/1,vS,53,53,29,24
2023/1/1,vS,54,59,34,25
2023/1/1,vS,50`54,300,168,132
2023/1/1,vS,55,54,23,31
2023/1/1,vS,56,53,26,27
2023/1/1,vS,57,58,30,28
2023/1/1,vS,58,51,34,17
2023/1/1,vS,59,51,28,23
2023/1/1,vS,55`59,267,141,126
2023/1/1,vS,60,47,31,16
2023/1/1,vS,61,43,22,21
2023/1/1,vS,62,55,31,24
2023/1/1,vS,63,37,18,19
2023/1/1,vS,64,43,20,23
2023/1/1,vS,60`64,225,122,103
2023/1/1,vS,65,43,20,23
2023/1/1,vS,66,39,23,16
2023/1/1,vS,67,41,24,17
2023/1/1,vS,68,41,22,19
2023/1/1,vS,69,39,20,19
2023/1/1,vS,65`69,203,109,94
2023/1/1,vS,70,46,26,20
2023/1/1,vS,71,49,20,29
2023/1/1,vS,72,50,21,29
2023/1/1,vS,73,56,23,33
2023/1/1,vS,74,68,37,31
2023/1/1,vS,70`74,269,127,142
2023/1/1,vS,75,64,32,32
2023/1/1,vS,76,32,13,19
2023/1/1,vS,77,27,17,10
2023/1/1,vS,78,39,20,19
2023/1/1,vS,79,42,18,24
2023/1/1,vS,75`79,204,100,104
2023/1/1,vS,80,39,18,21
2023/1/1,vS,81,45,16,29
2023/1/1,vS,82,35,12,23
2023/1/1,vS,83,22,9,13
2023/1/1,vS,84,25,8,17
2023/1/1,vS,80`84,166,63,103
2023/1/1,vS,85,37,11,26
2023/1/1,vS,86,42,15,27
2023/1/1,vS,87,33,11,22
2023/1/1,vS,88,25,6,19
2023/1/1,vS,89,18,4,14
2023/1/1,vS,85`89,155,47,108
2023/1/1,vS,90,22,6,16
2023/1/1,vS,91,12,6,6
2023/1/1,vS,92,12,5,7
2023/1/1,vS,93,14,4,10
2023/1/1,vS,94,10,1,9
2023/1/1,vS,90`94,70,22,48
2023/1/1,vS,95,5,2,3
2023/1/1,vS,96,3,1,2
2023/1/1,vS,97,2,0,2
2023/1/1,vS,98,2,0,2
2023/1/1,vS,99,0,0,0
2023/1/1,vS,95`99,12,3,9
2023/1/1,vS,100,1,1,0
2023/1/1,vS,101,0,0,0
2023/1/1,vS,102,0,0,0
2023/1/1,vS,103,0,0,0
2023/1/1,vS,104,0,0,0
2023/1/1,vS,100`104,1,1,0
2023/1/1,vS,105ȏ,0,0,0
2023/1/1,vS,sڎ,0,0,0
2023/1/1,vS,v,4423,2214,2209
2023/1/1,vT,0,16,4,12
2023/1/1,vT,1,19,11,8
2023/1/1,vT,2,26,11,15
2023/1/1,vT,3,26,14,12
2023/1/1,vT,4,23,13,10
2023/1/1,vT,0`4,110,53,57
2023/1/1,vT,5,35,13,22
2023/1/1,vT,6,38,16,22
2023/1/1,vT,7,30,12,18
2023/1/1,vT,8,24,17,7
2023/1/1,vT,9,33,16,17
2023/1/1,vT,5`9,160,74,86
2023/1/1,vT,10,27,18,9
2023/1/1,vT,11,24,11,13
2023/1/1,vT,12,35,17,18
2023/1/1,vT,13,28,16,12
2023/1/1,vT,14,19,10,9
2023/1/1,vT,10`14,133,72,61
2023/1/1,vT,15,26,13,13
2023/1/1,vT,16,22,13,9
2023/1/1,vT,17,20,14,6
2023/1/1,vT,18,21,10,11
2023/1/1,vT,19,26,12,14
2023/1/1,vT,15`19,115,62,53
2023/1/1,vT,20,31,17,14
2023/1/1,vT,21,33,12,21
2023/1/1,vT,22,35,16,19
2023/1/1,vT,23,40,18,22
2023/1/1,vT,24,32,15,17
2023/1/1,vT,20`24,171,78,93
2023/1/1,vT,25,46,26,20
2023/1/1,vT,26,33,22,11
2023/1/1,vT,27,38,18,20
2023/1/1,vT,28,26,13,13
2023/1/1,vT,29,41,13,28
2023/1/1,vT,25`29,184,92,92
2023/1/1,vT,30,33,21,12
2023/1/1,vT,31,43,20,23
2023/1/1,vT,32,39,18,21
2023/1/1,vT,33,34,15,19
2023/1/1,vT,34,39,25,14
2023/1/1,vT,30`34,188,99,89
2023/1/1,vT,35,44,18,26
2023/1/1,vT,36,47,25,22
2023/1/1,vT,37,48,25,23
2023/1/1,vT,38,58,31,27
2023/1/1,vT,39,51,26,25
2023/1/1,vT,35`39,248,125,123
2023/1/1,vT,40,42,27,15
2023/1/1,vT,41,58,31,27
2023/1/1,vT,42,54,26,28
2023/1/1,vT,43,59,30,29
2023/1/1,vT,44,48,22,26
2023/1/1,vT,40`44,261,136,125
2023/1/1,vT,45,50,29,21
2023/1/1,vT,46,55,22,33
2023/1/1,vT,47,59,26,33
2023/1/1,vT,48,54,27,27
2023/1/1,vT,49,69,33,36
2023/1/1,vT,45`49,287,137,150
2023/1/1,vT,50,68,34,34
2023/1/1,vT,51,54,34,20
2023/1/1,vT,52,43,21,22
2023/1/1,vT,53,44,22,22
2023/1/1,vT,54,46,25,21
2023/1/1,vT,50`54,255,136,119
2023/1/1,vT,55,36,16,20
2023/1/1,vT,56,36,11,25
2023/1/1,vT,57,39,21,18
2023/1/1,vT,58,42,21,21
2023/1/1,vT,59,40,26,14
2023/1/1,vT,55`59,193,95,98
2023/1/1,vT,60,41,21,20
2023/1/1,vT,61,39,25,14
2023/1/1,vT,62,31,18,13
2023/1/1,vT,63,34,22,12
2023/1/1,vT,64,32,22,10
2023/1/1,vT,60`64,177,108,69
2023/1/1,vT,65,32,21,11
2023/1/1,vT,66,35,14,21
2023/1/1,vT,67,27,13,14
2023/1/1,vT,68,32,20,12
2023/1/1,vT,69,33,20,13
2023/1/1,vT,65`69,159,88,71
2023/1/1,vT,70,21,8,13
2023/1/1,vT,71,26,11,15
2023/1/1,vT,72,36,15,21
2023/1/1,vT,73,36,20,16
2023/1/1,vT,74,35,11,24
2023/1/1,vT,70`74,154,65,89
2023/1/1,vT,75,43,23,20
2023/1/1,vT,76,26,12,14
2023/1/1,vT,77,25,15,10
2023/1/1,vT,78,26,11,15
2023/1/1,vT,79,23,7,16
2023/1/1,vT,75`79,143,68,75
2023/1/1,vT,80,38,17,21
2023/1/1,vT,81,25,10,15
2023/1/1,vT,82,26,8,18
2023/1/1,vT,83,27,10,17
2023/1/1,vT,84,16,7,9
2023/1/1,vT,80`84,132,52,80
2023/1/1,vT,85,18,5,13
2023/1/1,vT,86,31,11,20
2023/1/1,vT,87,21,5,16
2023/1/1,vT,88,17,6,11
2023/1/1,vT,89,17,8,9
2023/1/1,vT,85`89,104,35,69
2023/1/1,vT,90,12,3,9
2023/1/1,vT,91,8,1,7
2023/1/1,vT,92,5,0,5
2023/1/1,vT,93,12,0,12
2023/1/1,vT,94,4,0,4
2023/1/1,vT,90`94,41,4,37
2023/1/1,vT,95,8,3,5
2023/1/1,vT,96,2,0,2
2023/1/1,vT,97,2,0,2
2023/1/1,vT,98,0,0,0
2023/1/1,vT,99,3,0,3
2023/1/1,vT,95`99,15,3,12
2023/1/1,vT,100,0,0,0
2023/1/1,vT,101,0,0,0
2023/1/1,vT,102,0,0,0
2023/1/1,vT,103,0,0,0
2023/1/1,vT,104,0,0,0
2023/1/1,vT,100`104,0,0,0
2023/1/1,vT,105ȏ,0,0,0
2023/1/1,vT,sڎ,0,0,0
2023/1/1,vT,v,3230,1582,1648
2023/1/1,vU,0,24,10,14
2023/1/1,vU,1,33,19,14
2023/1/1,vU,2,42,14,28
2023/1/1,vU,3,31,15,16
2023/1/1,vU,4,28,14,14
2023/1/1,vU,0`4,158,72,86
2023/1/1,vU,5,37,18,19
2023/1/1,vU,6,32,19,13
2023/1/1,vU,7,40,29,11
2023/1/1,vU,8,33,13,20
2023/1/1,vU,9,39,18,21
2023/1/1,vU,5`9,181,97,84
2023/1/1,vU,10,28,11,17
2023/1/1,vU,11,25,9,16
2023/1/1,vU,12,27,14,13
2023/1/1,vU,13,27,10,17
2023/1/1,vU,14,33,17,16
2023/1/1,vU,10`14,140,61,79
2023/1/1,vU,15,24,13,11
2023/1/1,vU,16,18,10,8
2023/1/1,vU,17,26,11,15
2023/1/1,vU,18,28,17,11
2023/1/1,vU,19,32,16,16
2023/1/1,vU,15`19,128,67,61
2023/1/1,vU,20,39,21,18
2023/1/1,vU,21,51,28,23
2023/1/1,vU,22,45,23,22
2023/1/1,vU,23,57,30,27
2023/1/1,vU,24,49,22,27
2023/1/1,vU,20`24,241,124,117
2023/1/1,vU,25,56,26,30
2023/1/1,vU,26,65,32,33
2023/1/1,vU,27,63,37,26
2023/1/1,vU,28,74,35,39
2023/1/1,vU,29,60,30,30
2023/1/1,vU,25`29,318,160,158
2023/1/1,vU,30,47,21,26
2023/1/1,vU,31,58,33,25
2023/1/1,vU,32,54,27,27
2023/1/1,vU,33,48,19,29
2023/1/1,vU,34,56,30,26
2023/1/1,vU,30`34,263,130,133
2023/1/1,vU,35,67,30,37
2023/1/1,vU,36,62,25,37
2023/1/1,vU,37,71,39,32
2023/1/1,vU,38,72,40,32
2023/1/1,vU,39,72,37,35
2023/1/1,vU,35`39,344,171,173
2023/1/1,vU,40,58,29,29
2023/1/1,vU,41,61,38,23
2023/1/1,vU,42,46,22,24
2023/1/1,vU,43,67,38,29
2023/1/1,vU,44,62,36,26
2023/1/1,vU,40`44,294,163,131
2023/1/1,vU,45,73,36,37
2023/1/1,vU,46,67,36,31
2023/1/1,vU,47,73,34,39
2023/1/1,vU,48,63,37,26
2023/1/1,vU,49,80,47,33
2023/1/1,vU,45`49,356,190,166
2023/1/1,vU,50,64,35,29
2023/1/1,vU,51,60,27,33
2023/1/1,vU,52,84,51,33
2023/1/1,vU,53,66,38,28
2023/1/1,vU,54,65,30,35
2023/1/1,vU,50`54,339,181,158
2023/1/1,vU,55,62,37,25
2023/1/1,vU,56,36,17,19
2023/1/1,vU,57,67,25,42
2023/1/1,vU,58,46,24,22
2023/1/1,vU,59,67,42,25
2023/1/1,vU,55`59,278,145,133
2023/1/1,vU,60,61,36,25
2023/1/1,vU,61,62,31,31
2023/1/1,vU,62,44,18,26
2023/1/1,vU,63,45,27,18
2023/1/1,vU,64,46,25,21
2023/1/1,vU,60`64,258,137,121
2023/1/1,vU,65,61,34,27
2023/1/1,vU,66,52,24,28
2023/1/1,vU,67,58,30,28
2023/1/1,vU,68,50,26,24
2023/1/1,vU,69,66,29,37
2023/1/1,vU,65`69,287,143,144
2023/1/1,vU,70,54,28,26
2023/1/1,vU,71,51,27,24
2023/1/1,vU,72,62,30,32
2023/1/1,vU,73,86,41,45
2023/1/1,vU,74,72,36,36
2023/1/1,vU,70`74,325,162,163
2023/1/1,vU,75,63,36,27
2023/1/1,vU,76,61,27,34
2023/1/1,vU,77,34,10,24
2023/1/1,vU,78,39,21,18
2023/1/1,vU,79,47,20,27
2023/1/1,vU,75`79,244,114,130
2023/1/1,vU,80,43,17,26
2023/1/1,vU,81,45,19,26
2023/1/1,vU,82,34,14,20
2023/1/1,vU,83,36,10,26
2023/1/1,vU,84,24,8,16
2023/1/1,vU,80`84,182,68,114
2023/1/1,vU,85,24,8,16
2023/1/1,vU,86,39,15,24
2023/1/1,vU,87,29,12,17
2023/1/1,vU,88,27,11,16
2023/1/1,vU,89,28,6,22
2023/1/1,vU,85`89,147,52,95
2023/1/1,vU,90,10,2,8
2023/1/1,vU,91,15,2,13
2023/1/1,vU,92,11,2,9
2023/1/1,vU,93,9,3,6
2023/1/1,vU,94,7,2,5
2023/1/1,vU,90`94,52,11,41
2023/1/1,vU,95,7,0,7
2023/1/1,vU,96,2,0,2
2023/1/1,vU,97,4,1,3
2023/1/1,vU,98,1,0,1
2023/1/1,vU,99,0,0,0
2023/1/1,vU,95`99,14,1,13
2023/1/1,vU,100,0,0,0
2023/1/1,vU,101,0,0,0
2023/1/1,vU,102,1,0,1
2023/1/1,vU,103,2,0,2
2023/1/1,vU,104,0,0,0
2023/1/1,vU,100`104,3,0,3
2023/1/1,vU,105ȏ,0,0,0
2023/1/1,vU,sڎ,0,0,0
2023/1/1,vU,v,4552,2249,2303
2023/1/1,vV,0,0,0,0
2023/1/1,vV,1,0,0,0
2023/1/1,vV,2,0,0,0
2023/1/1,vV,3,0,0,0
2023/1/1,vV,4,0,0,0
2023/1/1,vV,0`4,0,0,0
2023/1/1,vV,5,0,0,0
2023/1/1,vV,6,0,0,0
2023/1/1,vV,7,0,0,0
2023/1/1,vV,8,0,0,0
2023/1/1,vV,9,0,0,0
2023/1/1,vV,5`9,0,0,0
2023/1/1,vV,10,0,0,0
2023/1/1,vV,11,0,0,0
2023/1/1,vV,12,0,0,0
2023/1/1,vV,13,0,0,0
2023/1/1,vV,14,0,0,0
2023/1/1,vV,10`14,0,0,0
2023/1/1,vV,15,0,0,0
2023/1/1,vV,16,0,0,0
2023/1/1,vV,17,0,0,0
2023/1/1,vV,18,0,0,0
2023/1/1,vV,19,0,0,0
2023/1/1,vV,15`19,0,0,0
2023/1/1,vV,20,0,0,0
2023/1/1,vV,21,1,1,0
2023/1/1,vV,22,2,2,0
2023/1/1,vV,23,1,1,0
2023/1/1,vV,24,1,1,0
2023/1/1,vV,20`24,5,5,0
2023/1/1,vV,25,0,0,0
2023/1/1,vV,26,0,0,0
2023/1/1,vV,27,1,1,0
2023/1/1,vV,28,2,2,0
2023/1/1,vV,29,1,1,0
2023/1/1,vV,25`29,4,4,0
2023/1/1,vV,30,0,0,0
2023/1/1,vV,31,1,1,0
2023/1/1,vV,32,1,1,0
2023/1/1,vV,33,2,2,0
2023/1/1,vV,34,3,3,0
2023/1/1,vV,30`34,7,7,0
2023/1/1,vV,35,1,1,0
2023/1/1,vV,36,1,1,0
2023/1/1,vV,37,1,1,0
2023/1/1,vV,38,1,1,0
2023/1/1,vV,39,1,1,0
2023/1/1,vV,35`39,5,5,0
2023/1/1,vV,40,1,1,0
2023/1/1,vV,41,3,3,0
2023/1/1,vV,42,1,1,0
2023/1/1,vV,43,0,0,0
2023/1/1,vV,44,0,0,0
2023/1/1,vV,40`44,5,5,0
2023/1/1,vV,45,0,0,0
2023/1/1,vV,46,2,2,0
2023/1/1,vV,47,2,2,0
2023/1/1,vV,48,0,0,0
2023/1/1,vV,49,1,1,0
2023/1/1,vV,45`49,5,5,0
2023/1/1,vV,50,0,0,0
2023/1/1,vV,51,0,0,0
2023/1/1,vV,52,1,1,0
2023/1/1,vV,53,2,2,0
2023/1/1,vV,54,4,4,0
2023/1/1,vV,50`54,7,7,0
2023/1/1,vV,55,3,3,0
2023/1/1,vV,56,2,2,0
2023/1/1,vV,57,3,3,0
2023/1/1,vV,58,1,1,0
2023/1/1,vV,59,3,3,0
2023/1/1,vV,55`59,12,12,0
2023/1/1,vV,60,0,0,0
2023/1/1,vV,61,0,0,0
2023/1/1,vV,62,0,0,0
2023/1/1,vV,63,3,3,0
2023/1/1,vV,64,1,1,0
2023/1/1,vV,60`64,4,4,0
2023/1/1,vV,65,0,0,0
2023/1/1,vV,66,0,0,0
2023/1/1,vV,67,0,0,0
2023/1/1,vV,68,0,0,0
2023/1/1,vV,69,0,0,0
2023/1/1,vV,65`69,0,0,0
2023/1/1,vV,70,0,0,0
2023/1/1,vV,71,0,0,0
2023/1/1,vV,72,1,1,0
2023/1/1,vV,73,0,0,0
2023/1/1,vV,74,0,0,0
2023/1/1,vV,70`74,1,1,0
2023/1/1,vV,75,0,0,0
2023/1/1,vV,76,0,0,0
2023/1/1,vV,77,0,0,0
2023/1/1,vV,78,0,0,0
2023/1/1,vV,79,0,0,0
2023/1/1,vV,75`79,0,0,0
2023/1/1,vV,80,0,0,0
2023/1/1,vV,81,0,0,0
2023/1/1,vV,82,0,0,0
2023/1/1,vV,83,0,0,0
2023/1/1,vV,84,0,0,0
2023/1/1,vV,80`84,0,0,0
2023/1/1,vV,85,0,0,0
2023/1/1,vV,86,0,0,0
2023/1/1,vV,87,0,0,0
2023/1/1,vV,88,0,0,0
2023/1/1,vV,89,0,0,0
2023/1/1,vV,85`89,0,0,0
2023/1/1,vV,90,0,0,0
2023/1/1,vV,91,0,0,0
2023/1/1,vV,92,0,0,0
2023/1/1,vV,93,0,0,0
2023/1/1,vV,94,0,0,0
2023/1/1,vV,90`94,0,0,0
2023/1/1,vV,95,0,0,0
2023/1/1,vV,96,0,0,0
2023/1/1,vV,97,0,0,0
2023/1/1,vV,98,0,0,0
2023/1/1,vV,99,0,0,0
2023/1/1,vV,95`99,0,0,0
2023/1/1,vV,100,0,0,0
2023/1/1,vV,101,0,0,0
2023/1/1,vV,102,0,0,0
2023/1/1,vV,103,0,0,0
2023/1/1,vV,104,0,0,0
2023/1/1,vV,100`104,0,0,0
2023/1/1,vV,105ȏ,0,0,0
2023/1/1,vV,sڎ,0,0,0
2023/1/1,vV,v,55,55,0
2023/1/1,vW,0,20,8,12
2023/1/1,vW,1,18,11,7
2023/1/1,vW,2,21,12,9
2023/1/1,vW,3,17,9,8
2023/1/1,vW,4,30,15,15
2023/1/1,vW,0`4,106,55,51
2023/1/1,vW,5,29,19,10
2023/1/1,vW,6,29,12,17
2023/1/1,vW,7,30,15,15
2023/1/1,vW,8,29,12,17
2023/1/1,vW,9,31,15,16
2023/1/1,vW,5`9,148,73,75
2023/1/1,vW,10,22,9,13
2023/1/1,vW,11,29,9,20
2023/1/1,vW,12,32,15,17
2023/1/1,vW,13,37,22,15
2023/1/1,vW,14,27,10,17
2023/1/1,vW,10`14,147,65,82
2023/1/1,vW,15,21,15,6
2023/1/1,vW,16,31,13,18
2023/1/1,vW,17,24,13,11
2023/1/1,vW,18,26,12,14
2023/1/1,vW,19,36,19,17
2023/1/1,vW,15`19,138,72,66
2023/1/1,vW,20,34,18,16
2023/1/1,vW,21,39,23,16
2023/1/1,vW,22,39,28,11
2023/1/1,vW,23,55,27,28
2023/1/1,vW,24,68,38,30
2023/1/1,vW,20`24,235,134,101
2023/1/1,vW,25,61,34,27
2023/1/1,vW,26,55,25,30
2023/1/1,vW,27,54,27,27
2023/1/1,vW,28,54,26,28
2023/1/1,vW,29,36,21,15
2023/1/1,vW,25`29,260,133,127
2023/1/1,vW,30,57,26,31
2023/1/1,vW,31,55,39,16
2023/1/1,vW,32,48,30,18
2023/1/1,vW,33,48,28,20
2023/1/1,vW,34,57,26,31
2023/1/1,vW,30`34,265,149,116
2023/1/1,vW,35,43,16,27
2023/1/1,vW,36,44,23,21
2023/1/1,vW,37,36,25,11
2023/1/1,vW,38,46,22,24
2023/1/1,vW,39,51,23,28
2023/1/1,vW,35`39,220,109,111
2023/1/1,vW,40,48,25,23
2023/1/1,vW,41,45,21,24
2023/1/1,vW,42,58,40,18
2023/1/1,vW,43,44,20,24
2023/1/1,vW,44,50,20,30
2023/1/1,vW,40`44,245,126,119
2023/1/1,vW,45,48,27,21
2023/1/1,vW,46,56,28,28
2023/1/1,vW,47,54,24,30
2023/1/1,vW,48,61,29,32
2023/1/1,vW,49,64,40,24
2023/1/1,vW,45`49,283,148,135
2023/1/1,vW,50,41,19,22
2023/1/1,vW,51,49,24,25
2023/1/1,vW,52,45,21,24
2023/1/1,vW,53,44,22,22
2023/1/1,vW,54,49,21,28
2023/1/1,vW,50`54,228,107,121
2023/1/1,vW,55,52,31,21
2023/1/1,vW,56,49,28,21
2023/1/1,vW,57,37,23,14
2023/1/1,vW,58,31,18,13
2023/1/1,vW,59,30,15,15
2023/1/1,vW,55`59,199,115,84
2023/1/1,vW,60,44,31,13
2023/1/1,vW,61,49,25,24
2023/1/1,vW,62,33,17,16
2023/1/1,vW,63,42,21,21
2023/1/1,vW,64,36,15,21
2023/1/1,vW,60`64,204,109,95
2023/1/1,vW,65,32,20,12
2023/1/1,vW,66,28,18,10
2023/1/1,vW,67,29,14,15
2023/1/1,vW,68,32,14,18
2023/1/1,vW,69,35,19,16
2023/1/1,vW,65`69,156,85,71
2023/1/1,vW,70,24,11,13
2023/1/1,vW,71,28,15,13
2023/1/1,vW,72,37,20,17
2023/1/1,vW,73,40,17,23
2023/1/1,vW,74,27,12,15
2023/1/1,vW,70`74,156,75,81
2023/1/1,vW,75,34,16,18
2023/1/1,vW,76,21,11,10
2023/1/1,vW,77,19,9,10
2023/1/1,vW,78,28,14,14
2023/1/1,vW,79,44,14,30
2023/1/1,vW,75`79,146,64,82
2023/1/1,vW,80,33,12,21
2023/1/1,vW,81,25,9,16
2023/1/1,vW,82,32,19,13
2023/1/1,vW,83,18,6,12
2023/1/1,vW,84,20,8,12
2023/1/1,vW,80`84,128,54,74
2023/1/1,vW,85,14,5,9
2023/1/1,vW,86,15,5,10
2023/1/1,vW,87,16,9,7
2023/1/1,vW,88,15,3,12
2023/1/1,vW,89,14,4,10
2023/1/1,vW,85`89,74,26,48
2023/1/1,vW,90,12,3,9
2023/1/1,vW,91,13,4,9
2023/1/1,vW,92,6,3,3
2023/1/1,vW,93,3,1,2
2023/1/1,vW,94,3,1,2
2023/1/1,vW,90`94,37,12,25
2023/1/1,vW,95,3,2,1
2023/1/1,vW,96,1,0,1
2023/1/1,vW,97,1,1,0
2023/1/1,vW,98,1,1,0
2023/1/1,vW,99,0,0,0
2023/1/1,vW,95`99,6,4,2
2023/1/1,vW,100,0,0,0
2023/1/1,vW,101,0,0,0
2023/1/1,vW,102,0,0,0
2023/1/1,vW,103,0,0,0
2023/1/1,vW,104,0,0,0
2023/1/1,vW,100`104,0,0,0
2023/1/1,vW,105ȏ,0,0,0
2023/1/1,vW,sڎ,0,0,0
2023/1/1,vW,v,3381,1715,1666
2023/1/1,vS,0,194,78,116
2023/1/1,vS,1,206,116,90
2023/1/1,vS,2,223,104,119
2023/1/1,vS,3,208,105,103
2023/1/1,vS,4,212,101,111
2023/1/1,vS,0`4,1043,504,539
2023/1/1,vS,5,228,119,109
2023/1/1,vS,6,228,116,112
2023/1/1,vS,7,224,113,111
2023/1/1,vS,8,224,117,107
2023/1/1,vS,9,221,115,106
2023/1/1,vS,5`9,1125,580,545
2023/1/1,vS,10,182,92,90
2023/1/1,vS,11,199,96,103
2023/1/1,vS,12,203,105,98
2023/1/1,vS,13,191,99,92
2023/1/1,vS,14,216,105,111
2023/1/1,vS,10`14,991,497,494
2023/1/1,vS,15,180,97,83
2023/1/1,vS,16,165,82,83
2023/1/1,vS,17,188,88,100
2023/1/1,vS,18,198,102,96
2023/1/1,vS,19,220,108,112
2023/1/1,vS,15`19,951,477,474
2023/1/1,vS,20,246,126,120
2023/1/1,vS,21,288,146,142
2023/1/1,vS,22,277,153,124
2023/1/1,vS,23,387,187,200
2023/1/1,vS,24,374,207,167
2023/1/1,vS,20`24,1572,819,753
2023/1/1,vS,25,429,225,204
2023/1/1,vS,26,431,224,207
2023/1/1,vS,27,418,209,209
2023/1/1,vS,28,435,201,234
2023/1/1,vS,29,435,202,233
2023/1/1,vS,25`29,2148,1061,1087
2023/1/1,vS,30,433,231,202
2023/1/1,vS,31,422,233,189
2023/1/1,vS,32,378,199,179
2023/1/1,vS,33,399,198,201
2023/1/1,vS,34,405,229,176
2023/1/1,vS,30`34,2037,1090,947
2023/1/1,vS,35,416,209,207
2023/1/1,vS,36,408,218,190
2023/1/1,vS,37,414,231,183
2023/1/1,vS,38,451,243,208
2023/1/1,vS,39,422,228,194
2023/1/1,vS,35`39,2111,1129,982
2023/1/1,vS,40,390,197,193
2023/1/1,vS,41,411,214,197
2023/1/1,vS,42,410,216,194
2023/1/1,vS,43,394,217,177
2023/1/1,vS,44,429,215,214
2023/1/1,vS,40`44,2034,1059,975
2023/1/1,vS,45,417,211,206
2023/1/1,vS,46,433,220,213
2023/1/1,vS,47,431,212,219
2023/1/1,vS,48,462,249,213
2023/1/1,vS,49,484,266,218
2023/1/1,vS,45`49,2227,1158,1069
2023/1/1,vS,50,437,228,209
2023/1/1,vS,51,407,215,192
2023/1/1,vS,52,392,208,184
2023/1/1,vS,53,361,182,179
2023/1/1,vS,54,385,195,190
2023/1/1,vS,50`54,1982,1028,954
2023/1/1,vS,55,375,197,178
2023/1/1,vS,56,310,151,159
2023/1/1,vS,57,353,173,180
2023/1/1,vS,58,324,190,134
2023/1/1,vS,59,328,193,135
2023/1/1,vS,55`59,1690,904,786
2023/1/1,vS,60,317,186,131
2023/1/1,vS,61,319,172,147
2023/1/1,vS,62,280,134,146
2023/1/1,vS,63,282,162,120
2023/1/1,vS,64,279,142,137
2023/1/1,vS,60`64,1477,796,681
2023/1/1,vS,65,283,154,129
2023/1/1,vS,66,269,128,141
2023/1/1,vS,67,263,134,129
2023/1/1,vS,68,271,146,125
2023/1/1,vS,69,313,164,149
2023/1/1,vS,65`69,1399,726,673
2023/1/1,vS,70,260,124,136
2023/1/1,vS,71,268,133,135
2023/1/1,vS,72,332,169,163
2023/1/1,vS,73,369,179,190
2023/1/1,vS,74,357,170,187
2023/1/1,vS,70`74,1586,775,811
2023/1/1,vS,75,358,178,180
2023/1/1,vS,76,236,105,131
2023/1/1,vS,77,187,92,95
2023/1/1,vS,78,231,107,124
2023/1/1,vS,79,254,91,163
2023/1/1,vS,75`79,1266,573,693
2023/1/1,vS,80,261,114,147
2023/1/1,vS,81,254,104,150
2023/1/1,vS,82,224,91,133
2023/1/1,vS,83,201,76,125
2023/1/1,vS,84,151,61,90
2023/1/1,vS,80`84,1091,446,645
2023/1/1,vS,85,171,62,109
2023/1/1,vS,86,193,62,131
2023/1/1,vS,87,164,58,106
2023/1/1,vS,88,127,37,90
2023/1/1,vS,89,125,40,85
2023/1/1,vS,85`89,780,259,521
2023/1/1,vS,90,96,28,68
2023/1/1,vS,91,81,21,60
2023/1/1,vS,92,59,15,44
2023/1/1,vS,93,55,14,41
2023/1/1,vS,94,44,6,38
2023/1/1,vS,90`94,335,84,251
2023/1/1,vS,95,28,7,21
2023/1/1,vS,96,16,2,14
2023/1/1,vS,97,19,4,15
2023/1/1,vS,98,10,2,8
2023/1/1,vS,99,6,0,6
2023/1/1,vS,95`99,79,15,64
2023/1/1,vS,100,1,1,0
2023/1/1,vS,101,2,0,2
2023/1/1,vS,102,3,1,2
2023/1/1,vS,103,2,0,2
2023/1/1,vS,104,0,0,0
2023/1/1,vS,100`104,8,2,6
2023/1/1,vS,105ȏ,0,0,0
2023/1/1,vS,sڎ,0,0,0
2023/1/1,vS,v,27932,13982,13950
