地域コード,地域,年,前年,人口,出生数,人口（前年）,15歳人口,年齢,age
131000,区部,2009,2008,945626,73555,953221,81150,27歳,27
131000,区部,2010,2009,953221,74100,963353,84232,26歳,26
131000,区部,2011,2010,963353,73263,968052,77962,25歳,25
131000,区部,2012,2011,968052,74794,1003554,110296,24歳,24
131000,区部,2013,2012,1003554,78964,1012781,88191,23歳,23
131000,区部,2014,2013,1012781,80815,1026753,94787,22歳,22
131000,区部,2015,2014,1026753,83449,1040844,97540,21歳,21
131000,区部,2016,2015,1040844,83446,1054154,96756,20歳,20
131000,区部,2017,2016,1054154,81730,1065140,92716,19歳,19
131000,区部,2018,2017,1065140,80444,1075690,90994,18歳,18
131000,区部,2019,2018,1075690,76725,1081700,82735,17歳,17
131000,区部,2020,2019,1081700,75986,1082862,77148,16歳,16
131000,区部,2021,2020,1082862,72176,1069920,59234,15歳,15
132000,市部,2009,2008,525894,33728,526071,33905,27歳,27
132000,市部,2010,2009,526071,34005,527551,35485,26歳,26
132000,市部,2011,2010,527551,32593,525555,30597,25歳,25
132000,市部,2012,2011,525555,32245,528709,35399,24歳,24
132000,市部,2013,2012,528709,32646,526446,30383,23歳,23
132000,市部,2014,2013,526446,31957,524085,29596,22歳,22
132000,市部,2015,2014,524085,32575,522279,30769,21歳,21
132000,市部,2016,2015,522279,31746,520907,30374,20歳,20
132000,市部,2017,2016,520907,30552,517930,27575,19歳,19
132000,市部,2018,2017,517930,29925,515951,27946,18歳,18
132000,市部,2019,2018,515951,28438,511876,24363,17歳,17
132000,市部,2020,2019,511876,27235,508548,23907,16歳,16
132000,市部,2021,2020,508548,26095,502222,19769,15歳,15
133000,町村部,2009,2008,10712,573,10655,516,27歳,27
133000,町村部,2010,2009,10655,587,10627,559,26歳,26
133000,町村部,2011,2010,10627,587,10573,533,25歳,25
133000,町村部,2012,2011,10573,587,10574,588,24歳,24
133000,町村部,2013,2012,10574,595,10484,505,23歳,23
133000,町村部,2014,2013,10484,568,10342,426,22歳,22
133000,町村部,2015,2014,10342,549,10254,461,21歳,21
133000,町村部,2016,2015,10254,560,10068,374,20歳,20
133000,町村部,2017,2016,10068,500,9916,348,19歳,19
133000,町村部,2018,2017,9916,493,9707,284,18歳,18
133000,町村部,2019,2018,9707,427,9468,188,17歳,17
133000,町村部,2020,2019,9468,420,9208,160,16歳,16
133000,町村部,2021,2020,9208,385,8955,132,15歳,15
133999,郡部,2009,2008,7352,370,7323,341,27歳,27
133999,郡部,2010,2009,7323,373,7281,331,26歳,26
133999,郡部,2011,2010,7281,386,7221,326,25歳,25
133999,郡部,2012,2011,7221,400,7241,420,24歳,24
133999,郡部,2013,2012,7241,389,7209,357,23歳,23
133999,郡部,2014,2013,7209,383,7133,307,22歳,22
133999,郡部,2015,2014,7133,353,7060,280,21歳,21
133999,郡部,2016,2015,7060,378,6948,266,20歳,20
133999,郡部,2017,2016,6948,333,6835,220,19歳,19
133999,郡部,2018,2017,6835,329,6706,200,18歳,18
133999,郡部,2019,2018,6706,265,6497,56,17歳,17
133999,郡部,2020,2019,6497,257,6357,117,16歳,16
133999,郡部,2021,2020,6357,252,6194,89,15歳,15
134999,大島支庁,2009,2008,1667,94,1660,87,27歳,27
134999,大島支庁,2010,2009,1660,95,1661,96,26歳,26
134999,大島支庁,2011,2010,1661,104,1646,89,25歳,25
134999,大島支庁,2012,2011,1646,91,1623,68,24歳,24
131016,千代田区,2009,2008,5101,387,5326,612,27歳,27
131016,千代田区,2010,2009,5326,380,5495,549,26歳,26
131016,千代田区,2011,2010,5495,378,5642,525,25歳,25
131016,千代田区,2012,2011,5642,469,6045,872,24歳,24
131016,千代田区,2013,2012,6045,466,6360,781,23歳,23
131016,千代田区,2014,2013,6360,619,6947,1206,22歳,22
131016,千代田区,2015,2014,6947,599,7246,898,21歳,21
131016,千代田区,2016,2015,7246,627,7550,931,20歳,20
131016,千代田区,2017,2016,7550,675,7964,1089,19歳,19
131016,千代田区,2018,2017,7964,595,8397,1028,18歳,18
131016,千代田区,2019,2018,8397,650,8882,1135,17歳,17
131016,千代田区,2020,2019,8882,673,9256,1047,16歳,16
131016,千代田区,2021,2020,9256,616,9207,567,15歳,15
131024,中央区,2009,2008,11819,1332,12256,1769,27歳,27
131024,中央区,2010,2009,12256,1447,12963,2154,26歳,26
131024,中央区,2011,2010,12963,1432,13547,2016,25歳,25
131024,中央区,2012,2011,13547,1495,14586,2534,24歳,24
131024,中央区,2013,2012,14586,1694,15392,2500,23歳,23
131024,中央区,2014,2013,15392,1838,16551,2997,22歳,22
131024,中央区,2015,2014,16551,1983,17635,3067,21歳,21
131024,中央区,2016,2015,17635,2032,19136,3533,20歳,20
131024,中央区,2017,2016,19136,2079,20454,3397,19歳,19
131024,中央区,2018,2017,20454,2108,21686,3340,18歳,18
131024,中央区,2019,2018,21686,2088,22912,3314,17歳,17
131024,中央区,2020,2019,22912,2144,23625,2857,16歳,16
131024,中央区,2021,2020,23625,2010,23708,2093,15歳,15
131032,港区,2009,2008,21572,2403,22291,3122,27歳,27
131032,港区,2010,2009,22291,2510,23392,3611,26歳,26
131032,港区,2011,2010,23392,2402,24028,3038,25歳,25
131032,港区,2012,2011,24028,2638,27271,5881,24歳,24
131032,港区,2013,2012,27271,2727,28122,3578,23歳,23
131032,港区,2014,2013,28122,3051,29519,4448,22歳,22
131032,港区,2015,2014,29519,3118,30816,4415,21歳,21
131032,港区,2016,2015,30816,3251,32479,4914,20歳,20
131032,港区,2017,2016,32479,3123,33872,4516,19歳,19
131032,港区,2018,2017,33872,3042,35111,4281,18歳,18
131032,港区,2019,2018,35111,2919,35740,3548,17歳,17
131032,港区,2020,2019,35740,2817,35936,3013,16歳,16
131032,港区,2021,2020,35936,2595,35381,2040,15歳,15
131041,新宿区,2009,2008,23726,2232,23837,2343,27歳,27
131041,新宿区,2010,2009,23837,2192,24243,2598,26歳,26
131041,新宿区,2011,2010,24243,2135,24344,2236,25歳,25
131041,新宿区,2012,2011,24344,2299,27458,5413,24歳,24
131041,新宿区,2013,2012,27458,2469,27707,2718,23歳,23
131041,新宿区,2014,2013,27707,2515,28071,2879,22歳,22
131041,新宿区,2015,2014,28071,2612,28722,3263,21歳,21
131041,新宿区,2016,2015,28722,2790,29279,3347,20歳,20
131041,新宿区,2017,2016,29279,2788,30213,3722,19歳,19
131041,新宿区,2018,2017,30213,2679,30893,3359,18歳,18
131041,新宿区,2019,2018,30893,2516,31163,2786,17歳,17
131041,新宿区,2020,2019,31163,2591,31223,2651,16歳,16
131041,新宿区,2021,2020,31223,2465,30977,2219,15歳,15
131059,文京区,2009,2008,19818,1534,20142,1858,27歳,27
131059,文京区,2010,2009,20142,1635,20648,2141,26歳,26
131059,文京区,2011,2010,20648,1715,21253,2320,25歳,25
131059,文京区,2012,2011,21253,1694,22181,2622,24歳,24
131059,文京区,2013,2012,22181,1859,23046,2724,23歳,23
131059,文京区,2014,2013,23046,1917,23791,2662,22歳,22
131059,文京区,2015,2014,23791,2034,24635,2878,21歳,21
131059,文京区,2016,2015,24635,2167,25592,3124,20歳,20
131059,文京区,2017,2016,25592,2074,26319,2801,19歳,19
131059,文京区,2018,2017,26319,2119,27264,3064,18歳,18
131059,文京区,2019,2018,27264,2044,28200,2980,17歳,17
131059,文京区,2020,2019,28200,2109,29040,2949,16歳,16
131059,文京区,2021,2020,29040,1884,29300,2144,15歳,15
131067,台東区,2009,2008,15721,1200,15701,1180,27歳,27
131067,台東区,2010,2009,15701,1339,15804,1442,26歳,26
131067,台東区,2011,2010,15804,1312,15880,1388,25歳,25
131067,台東区,2012,2011,15880,1382,17088,2590,24歳,24
131067,台東区,2013,2012,17088,1471,17272,1655,23歳,23
131067,台東区,2014,2013,17272,1610,17541,1879,22歳,22
131067,台東区,2015,2014,17541,1619,17653,1731,21歳,21
131067,台東区,2016,2015,17653,1590,17877,1814,20歳,20
131067,台東区,2017,2016,17877,1661,18058,1842,19歳,19
131067,台東区,2018,2017,18058,1669,18279,1890,18歳,18
131067,台東区,2019,2018,18279,1634,18424,1779,17歳,17
131067,台東区,2020,2019,18424,1612,18454,1642,16歳,16
131067,台東区,2021,2020,18454,1570,18126,1242,15歳,15
131075,墨田区,2009,2008,25457,2038,25680,2261,27歳,27
131075,墨田区,2010,2009,25680,2074,25917,2311,26歳,26
131075,墨田区,2011,2010,25917,1971,25864,1918,25歳,25
131075,墨田区,2012,2011,25864,2094,26767,2997,24歳,24
131075,墨田区,2013,2012,26767,2191,26849,2273,23歳,23
131075,墨田区,2014,2013,26849,2298,27208,2657,22歳,22
131075,墨田区,2015,2014,27208,2562,27742,3096,21歳,21
131075,墨田区,2016,2015,27742,2486,28042,2786,20歳,20
131075,墨田区,2017,2016,28042,2599,28395,2952,19歳,19
131075,墨田区,2018,2017,28395,2516,28599,2720,18歳,18
131075,墨田区,2019,2018,28599,2434,28745,2580,17歳,17
131075,墨田区,2020,2019,28745,2370,28657,2282,16歳,16
131075,墨田区,2021,2020,28657,2295,28185,1823,15歳,15
131083,江東区,2009,2008,51420,4442,53328,6350,27歳,27
131083,江東区,2010,2009,53328,4454,54629,5755,26歳,26
131083,江東区,2011,2010,54629,4359,55788,5518,25歳,25
131083,江東区,2012,2011,55788,4340,59454,8006,24歳,24
131083,江東区,2013,2012,59454,4752,60996,6294,23歳,23
131083,江東区,2014,2013,60996,4790,62556,6350,22歳,22
131083,江東区,2015,2014,62556,5100,64183,6727,21歳,21
131083,江東区,2016,2015,64183,4980,65200,5997,20歳,20
131083,江東区,2017,2016,65200,4793,66197,5790,19歳,19
131083,江東区,2018,2017,66197,4643,66878,5324,18歳,18
131083,江東区,2019,2018,66878,4334,66886,4342,17歳,17
131083,江東区,2020,2019,66886,4325,67437,4876,16歳,16
131083,江東区,2021,2020,67437,4206,66563,3332,15歳,15
131091,品川区,2009,2008,34661,3167,35814,4320,27歳,27
131091,品川区,2010,2009,35814,3100,36610,3896,26歳,26
131091,品川区,2011,2010,36610,3242,37328,3960,25歳,25
131091,品川区,2012,2011,37328,3380,39207,5259,24歳,24
131091,品川区,2013,2012,39207,3610,39924,4327,23歳,23
131091,品川区,2014,2013,39924,3550,40785,4411,22歳,22
131091,品川区,2015,2014,40785,3830,42154,5199,21歳,21
131091,品川区,2016,2015,42154,3889,43236,4971,20歳,20
131091,品川区,2017,2016,43236,3800,44393,4957,19歳,19
131091,品川区,2018,2017,44393,3823,45641,5071,18歳,18
131091,品川区,2019,2018,45641,3810,47050,5219,17歳,17
131091,品川区,2020,2019,47050,3845,48239,5034,16歳,16
131091,品川区,2021,2020,48239,3632,47987,3380,15歳,15
131105,目黒区,2009,2008,25450,2091,25570,2211,27歳,27
131105,目黒区,2010,2009,25570,2216,25936,2582,26歳,26
131105,目黒区,2011,2010,25936,2219,26134,2417,25歳,25
131105,目黒区,2012,2011,26134,2317,27096,3279,24歳,24
131105,目黒区,2013,2012,27096,2400,27532,2836,23歳,23
131105,目黒区,2014,2013,27532,2590,28251,3309,22歳,22
131105,目黒区,2015,2014,28251,2577,28761,3087,21歳,21
131105,目黒区,2016,2015,28761,2576,29326,3141,20歳,20
131105,目黒区,2017,2016,29326,2593,30261,3528,19歳,19
131105,目黒区,2018,2017,30261,2500,30806,3045,18歳,18
131105,目黒区,2019,2018,30806,2456,31288,2938,17歳,17
131105,目黒区,2020,2019,31288,2353,31475,2540,16歳,16
131105,目黒区,2021,2020,31475,2159,31126,1810,15歳,15
131113,大田区,2009,2008,76321,5806,76493,5978,27歳,27
131113,大田区,2010,2009,76493,5563,76745,5815,26歳,26
131113,大田区,2011,2010,76745,5546,76721,5522,25歳,25
131113,大田区,2012,2011,76721,5551,78258,7088,24歳,24
131113,大田区,2013,2012,78258,5869,78586,6197,23歳,23
131113,大田区,2014,2013,78586,5975,79170,6559,22歳,22
131113,大田区,2015,2014,79170,6120,79514,6464,21歳,21
131113,大田区,2016,2015,79514,5981,79776,6243,20歳,20
131113,大田区,2017,2016,79776,5865,80089,6178,19歳,19
131113,大田区,2018,2017,80089,5978,80325,6214,18歳,18
131113,大田区,2019,2018,80325,5503,80020,5198,17歳,17
131113,大田区,2020,2019,80020,5672,79689,5341,16歳,16
131113,大田区,2021,2020,79689,5344,78224,3879,15歳,15
131121,世田谷区,2009,2008,92180,7047,93420,8287,27歳,27
131121,世田谷区,2010,2009,93420,7339,94936,8855,26歳,26
131121,世田谷区,2011,2010,94936,7249,96071,8384,25歳,25
131121,世田谷区,2012,2011,96071,7493,98552,9974,24歳,24
131121,世田谷区,2013,2012,98552,7773,100077,9298,23歳,23
131121,世田谷区,2014,2013,100077,8022,101951,9896,22歳,22
131121,世田谷区,2015,2014,101951,8164,103764,9977,21歳,21
131121,世田谷区,2016,2015,103764,8060,105587,9883,20歳,20
131121,世田谷区,2017,2016,105587,7610,106801,8824,19歳,19
131121,世田谷区,2018,2017,106801,7508,108101,8808,18歳,18
131121,世田谷区,2019,2018,108101,6965,108662,7526,17歳,17
131121,世田谷区,2020,2019,108662,6845,108895,7078,16歳,16
131121,世田谷区,2021,2020,108895,6818,107992,5915,15歳,15
131130,渋谷区,2009,2008,16752,1667,17202,2117,27歳,27
131130,渋谷区,2010,2009,17202,1660,17728,2186,26歳,26
131130,渋谷区,2011,2010,17728,1699,18073,2044,25歳,25
131130,渋谷区,2012,2011,18073,1834,19582,3343,24歳,24
131130,渋谷区,2013,2012,19582,1959,20077,2454,23歳,23
131130,渋谷区,2014,2013,20077,2044,20724,2691,22歳,22
131130,渋谷区,2015,2014,20724,2210,21543,3029,21歳,21
131130,渋谷区,2016,2015,21543,2155,22234,2846,20歳,20
131130,渋谷区,2017,2016,22234,2178,22872,2816,19歳,19
131130,渋谷区,2018,2017,22872,2113,23424,2665,18歳,18
131130,渋谷区,2019,2018,23424,2063,24019,2658,17歳,17
131130,渋谷区,2020,2019,24019,2016,24419,2416,16歳,16
131130,渋谷区,2021,2020,24419,1956,24334,1871,15歳,15
131148,中野区,2009,2008,25805,2330,25766,2291,27歳,27
131148,中野区,2010,2009,25766,2310,25657,2201,26歳,26
131148,中野区,2011,2010,25657,2230,25629,2202,25歳,25
131148,中野区,2012,2011,25629,2288,26436,3095,24歳,24
131148,中野区,2013,2012,26436,2446,26795,2805,23歳,23
131148,中野区,2014,2013,26795,2551,27311,3067,22歳,22
131148,中野区,2015,2014,27311,2734,28028,3451,21歳,21
131148,中野区,2016,2015,28028,2768,28482,3222,20歳,20
131148,中野区,2017,2016,28482,2699,28855,3072,19歳,19
131148,中野区,2018,2017,28855,2591,29258,2994,18歳,18
131148,中野区,2019,2018,29258,2462,29658,2862,17歳,17
131148,中野区,2020,2019,29658,2530,30189,3061,16歳,16
131148,中野区,2021,2020,30189,2481,30267,2559,15歳,15
131156,杉並区,2009,2008,50274,3989,50661,4376,27歳,27
131156,杉並区,2010,2009,50661,4117,51573,5029,26歳,26
131156,杉並区,2011,2010,51573,4115,52061,4603,25歳,25
131156,杉並区,2012,2011,52061,4141,53168,5248,24歳,24
131156,杉並区,2013,2012,53168,4445,54090,5367,23歳,23
131156,杉並区,2014,2013,54090,4564,55157,5631,22歳,22
131156,杉並区,2015,2014,55157,4841,56440,6124,21歳,21
131156,杉並区,2016,2015,56440,4745,57557,5862,20歳,20
131156,杉並区,2017,2016,57557,4588,58362,5393,19歳,19
131156,杉並区,2018,2017,58362,4702,59399,5739,18歳,18
131156,杉並区,2019,2018,59399,4468,60158,5227,17歳,17
131156,杉並区,2020,2019,60158,4454,60888,5184,16歳,16
131156,杉並区,2021,2020,60888,4186,60693,3991,15歳,15
131164,豊島区,2009,2008,20633,1796,20923,2086,27歳,27
131164,豊島区,2010,2009,20923,1793,21252,2122,26歳,26
131164,豊島区,2011,2010,21252,1865,21736,2349,25歳,25
131164,豊島区,2012,2011,21736,1901,22900,3065,24歳,24
131164,豊島区,2013,2012,22900,2116,23379,2595,23歳,23
131164,豊島区,2014,2013,23379,2203,23873,2697,22歳,22
131164,豊島区,2015,2014,23873,2206,24294,2627,21歳,21
131164,豊島区,2016,2015,24294,2224,24855,2785,20歳,20
131164,豊島区,2017,2016,24855,2247,25229,2621,19歳,19
131164,豊島区,2018,2017,25229,2157,25782,2710,18歳,18
131164,豊島区,2019,2018,25782,2082,26202,2502,17歳,17
131164,豊島区,2020,2019,26202,2036,26247,2081,16歳,16
131164,豊島区,2021,2020,26247,2013,26020,1786,15歳,15
131172,北区,2009,2008,31052,2396,31053,2397,27歳,27
131172,北区,2010,2009,31053,2415,31194,2556,26歳,26
131172,北区,2011,2010,31194,2363,31093,2262,25歳,25
131172,北区,2012,2011,31093,2420,32679,4006,24歳,24
131172,北区,2013,2012,32679,2723,33202,3246,23歳,23
131172,北区,2014,2013,33202,2836,34017,3651,22歳,22
131172,北区,2015,2014,34017,2892,34391,3266,21歳,21
131172,北区,2016,2015,34391,3031,35079,3719,20歳,20
131172,北区,2017,2016,35079,2936,35531,3388,19歳,19
131172,北区,2018,2017,35531,2881,36386,3736,18歳,18
131172,北区,2019,2018,36386,2898,36753,3265,17歳,17
131172,北区,2020,2019,36753,2872,36981,3100,16歳,16
131172,北区,2021,2020,36981,2690,36884,2593,15歳,15
131181,荒川区,2009,2008,20433,1580,20874,2021,27歳,27
131181,荒川区,2010,2009,20874,1700,21456,2282,26歳,26
131181,荒川区,2011,2010,21456,1728,21870,2142,25歳,25
131181,荒川区,2012,2011,21870,1637,23488,3255,24歳,24
131181,荒川区,2013,2012,23488,1867,23752,2131,23歳,23
131181,荒川区,2014,2013,23752,1908,24093,2249,22歳,22
131181,荒川区,2015,2014,24093,1909,24328,2144,21歳,21
131181,荒川区,2016,2015,24328,1905,24644,2221,20歳,20
131181,荒川区,2017,2016,24644,1890,24713,1959,19歳,19
131181,荒川区,2018,2017,24713,1696,24688,1671,18歳,18
131181,荒川区,2019,2018,24688,1745,24712,1769,17歳,17
131181,荒川区,2020,2019,24712,1753,24620,1661,16歳,16
131181,荒川区,2021,2020,24620,1692,24308,1380,15歳,15
131199,板橋区,2009,2008,58299,4391,58330,4422,27歳,27
131199,板橋区,2010,2009,58330,4351,58226,4247,26歳,26
131199,板橋区,2011,2010,58226,4349,58301,4424,25歳,25
131199,板橋区,2012,2011,58301,4357,59902,5958,24歳,24
131199,板橋区,2013,2012,59902,4541,60239,4878,23歳,23
131199,板橋区,2014,2013,60239,4514,60600,4875,22歳,22
131199,板橋区,2015,2014,60600,4668,61158,5226,21歳,21
131199,板橋区,2016,2015,61158,4810,61864,5516,20歳,20
131199,板橋区,2017,2016,61864,4625,61828,4589,19歳,19
131199,板橋区,2018,2017,61828,4569,62038,4779,18歳,18
131199,板橋区,2019,2018,62038,4247,61950,4159,17歳,17
131199,板橋区,2020,2019,61950,4089,61475,3614,16歳,16
131199,板橋区,2021,2020,61475,3836,60349,2710,15歳,15
131202,練馬区,2009,2008,88653,6020,88447,5814,27歳,27
131202,練馬区,2010,2009,88447,6135,88490,6178,26歳,26
131202,練馬区,2011,2010,88490,5954,88396,5860,25歳,25
131202,練馬区,2012,2011,88396,5948,88930,6482,24歳,24
131202,練馬区,2013,2012,88930,6218,88561,5849,23歳,23
131202,練馬区,2014,2013,88561,6177,88479,6095,22歳,22
131202,練馬区,2015,2014,88479,6241,88365,6127,21歳,21
131202,練馬区,2016,2015,88365,6225,88142,6002,20歳,20
131202,練馬区,2017,2016,88142,6028,88117,6003,19歳,19
131202,練馬区,2018,2017,88117,5836,87955,5674,18歳,18
131202,練馬区,2019,2018,87955,5634,88000,5679,17歳,17
131202,練馬区,2020,2019,88000,5515,87649,5164,16歳,16
131202,練馬区,2021,2020,87649,5341,86855,4547,15歳,15
131211,足立区,2009,2008,81284,5653,81568,5937,27歳,27
131211,足立区,2010,2009,81568,5552,81482,5466,26歳,26
131211,足立区,2011,2010,81482,5486,81019,5023,25歳,25
131211,足立区,2012,2011,81019,5527,83285,7793,24歳,24
131211,足立区,2013,2012,83285,5548,82912,5175,23歳,23
131211,足立区,2014,2013,82912,5552,82818,5458,22歳,22
131211,足立区,2015,2014,82818,5659,82678,5519,21歳,21
131211,足立区,2016,2015,82678,5410,81885,4617,20歳,20
131211,足立区,2017,2016,81885,5226,81081,4422,19歳,19
131211,足立区,2018,2017,81081,5177,80226,4322,18歳,18
131211,足立区,2019,2018,80226,4761,78931,3466,17歳,17
131211,足立区,2020,2019,78931,4686,77773,3528,16歳,16
131211,足立区,2021,2020,77773,4323,75885,2435,15歳,15
131229,葛飾区,2009,2008,53345,3703,53192,3550,27歳,27
131229,葛飾区,2010,2009,53192,3653,53653,4114,26歳,26
131229,葛飾区,2011,2010,53653,3623,53235,3205,25歳,25
131229,葛飾区,2012,2011,53235,3634,53973,4372,24歳,24
131229,葛飾区,2013,2012,53973,3697,53864,3588,23歳,23
131229,葛飾区,2014,2013,53864,3718,53947,3801,22歳,22
131229,葛飾区,2015,2014,53947,3759,53923,3735,21歳,21
131229,葛飾区,2016,2015,53923,3739,54225,4041,20歳,20
131229,葛飾区,2017,2016,54225,3676,54215,3666,19歳,19
131229,葛飾区,2018,2017,54215,3635,53989,3409,18歳,18
131229,葛飾区,2019,2018,53989,3403,53743,3157,17歳,17
131229,葛飾区,2020,2019,53743,3392,53146,2795,16歳,16
131229,葛飾区,2021,2020,53146,3079,52339,2272,15歳,15
131237,江戸川区,2009,2008,95850,6351,95347,5848,27歳,27
131237,江戸川区,2010,2009,95347,6165,95324,6142,26歳,26
131237,江戸川区,2011,2010,95324,5891,94039,4606,25歳,25
131237,江戸川区,2012,2011,94039,5955,95248,7164,24歳,24
131237,江戸川区,2013,2012,95248,6123,94047,4922,23歳,23
131237,江戸川区,2014,2013,94047,5973,93393,5319,22歳,22
131237,江戸川区,2015,2014,93393,6012,92871,5490,21歳,21
131237,江戸川区,2016,2015,92871,6005,92107,5241,20歳,20
131237,江戸川区,2017,2016,92107,5977,91321,5191,19歳,19
131237,江戸川区,2018,2017,91321,5907,90565,5151,18歳,18
131237,江戸川区,2019,2018,90565,5609,89602,4646,17歳,17
131237,江戸川区,2020,2019,89602,5287,87549,3234,16歳,16
131237,江戸川区,2021,2020,87549,4985,85210,2646,15歳,15
132012,八王子市,2009,2008,72896,4405,72878,4387,27歳,27
132012,八王子市,2010,2009,72878,4318,72834,4274,26歳,26
132012,八王子市,2011,2010,72834,4105,72257,3528,25歳,25
132012,八王子市,2012,2011,72257,4047,72527,4317,24歳,24
132012,八王子市,2013,2012,72527,3974,71397,2844,23歳,23
132012,八王子市,2014,2013,71397,3743,70387,2733,22歳,22
132012,八王子市,2015,2014,70387,3846,69419,2878,21歳,21
132012,八王子市,2016,2015,69419,3658,68371,2610,20歳,20
132012,八王子市,2017,2016,68371,3451,67210,2290,19歳,19
132012,八王子市,2018,2017,67210,3372,66042,2204,18歳,18
132012,八王子市,2019,2018,66042,3161,64972,2091,17歳,17
132012,八王子市,2020,2019,64972,3013,63868,1909,16歳,16
132012,八王子市,2021,2020,63868,2924,62196,1252,15歳,15
132021,立川市,2009,2008,22759,1469,22594,1304,27歳,27
132021,立川市,2010,2009,22594,1495,22555,1456,26歳,26
132021,立川市,2011,2010,22555,1480,22454,1379,25歳,25
132021,立川市,2012,2011,22454,1465,22573,1584,24歳,24
132021,立川市,2013,2012,22573,1458,22456,1341,23歳,23
132021,立川市,2014,2013,22456,1424,22423,1391,22歳,22
132021,立川市,2015,2014,22423,1524,22352,1453,21歳,21
132021,立川市,2016,2015,22352,1437,22458,1543,20歳,20
132021,立川市,2017,2016,22458,1423,22479,1444,19歳,19
132021,立川市,2018,2017,22479,1476,22425,1422,18歳,18
132021,立川市,2019,2018,22425,1388,22154,1117,17歳,17
132021,立川市,2020,2019,22154,1236,22114,1196,16歳,16
132021,立川市,2021,2020,22114,1199,21794,879,15歳,15
132039,武蔵野市,2009,2008,14263,1011,14417,1165,27歳,27
132039,武蔵野市,2010,2009,14417,1121,14626,1330,26歳,26
132039,武蔵野市,2011,2010,14626,1184,14805,1363,25歳,25
132039,武蔵野市,2012,2011,14805,1157,15231,1583,24歳,24
132039,武蔵野市,2013,2012,15231,1276,15708,1753,23歳,23
132039,武蔵野市,2014,2013,15708,1320,16169,1781,22歳,22
132039,武蔵野市,2015,2014,16169,1350,16562,1743,21歳,21
132039,武蔵野市,2016,2015,16562,1287,16743,1468,20歳,20
132039,武蔵野市,2017,2016,16743,1243,16971,1471,19歳,19
132039,武蔵野市,2018,2017,16971,1213,17345,1587,18歳,18
132039,武蔵野市,2019,2018,17345,1143,17428,1226,17歳,17
132039,武蔵野市,2020,2019,17428,1118,17606,1296,16歳,16
132039,武蔵野市,2021,2020,17606,1139,17649,1182,15歳,15
132047,三鷹市,2009,2008,21465,1588,21716,1839,27歳,27
132047,三鷹市,2010,2009,21716,1537,21600,1421,26歳,26
132047,三鷹市,2011,2010,21600,1528,21622,1550,25歳,25
132047,三鷹市,2012,2011,21622,1481,21914,1773,24歳,24
132047,三鷹市,2013,2012,21914,1526,22063,1675,23歳,23
132047,三鷹市,2014,2013,22063,1533,22478,1948,22歳,22
132047,三鷹市,2015,2014,22478,1612,22732,1866,21歳,21
132047,三鷹市,2016,2015,22732,1603,23311,2182,20歳,20
132047,三鷹市,2017,2016,23311,1542,23402,1633,19歳,19
132047,三鷹市,2018,2017,23402,1576,23634,1808,18歳,18
132047,三鷹市,2019,2018,23634,1356,23687,1409,17歳,17
132047,三鷹市,2020,2019,23687,1374,24035,1722,16歳,16
132047,三鷹市,2021,2020,24035,1377,24086,1428,15歳,15
132055,青梅市,2009,2008,18765,1062,18394,691,27歳,27
132055,青梅市,2010,2009,18394,977,18207,790,26歳,26
132055,青梅市,2011,2010,18207,906,17763,462,25歳,25
132055,青梅市,2012,2011,17763,942,17389,568,24歳,24
132055,青梅市,2013,2012,17389,868,16834,313,23歳,23
132055,青梅市,2014,2013,16834,896,16490,552,22歳,22
132055,青梅市,2015,2014,16490,818,16030,358,21歳,21
132055,青梅市,2016,2015,16030,822,15587,379,20歳,20
132055,青梅市,2017,2016,15587,777,15146,336,19歳,19
132055,青梅市,2018,2017,15146,669,14642,165,18歳,18
132055,青梅市,2019,2018,14642,681,14146,185,17歳,17
132055,青梅市,2020,2019,14146,631,13759,244,16歳,16
132055,青梅市,2021,2020,13759,606,13276,123,15歳,15
132063,府中市,2009,2008,33779,2334,33947,2502,27歳,27
132063,府中市,2010,2009,33947,2366,34394,2813,26歳,26
132063,府中市,2011,2010,34394,2310,34495,2411,25歳,25
132063,府中市,2012,2011,34495,2233,34726,2464,24歳,24
132063,府中市,2013,2012,34726,2303,34787,2364,23歳,23
132063,府中市,2014,2013,34787,2256,34865,2334,22歳,22
132063,府中市,2015,2014,34865,2338,35120,2593,21歳,21
132063,府中市,2016,2015,35120,2264,35097,2241,20歳,20
132063,府中市,2017,2016,35097,2151,34833,1887,19歳,19
132063,府中市,2018,2017,34833,2019,34708,1894,18歳,18
132063,府中市,2019,2018,34708,1899,34082,1273,17歳,17
132063,府中市,2020,2019,34082,1815,33719,1452,16歳,16
132063,府中市,2021,2020,33719,1746,33212,1239,15歳,15
132071,昭島市,2009,2008,14540,948,14506,914,27歳,27
132071,昭島市,2010,2009,14506,963,14497,954,26歳,26
132071,昭島市,2011,2010,14497,976,14517,996,25歳,25
132071,昭島市,2012,2011,14517,949,14624,1056,24歳,24
132071,昭島市,2013,2012,14624,944,14474,794,23歳,23
132071,昭島市,2014,2013,14474,913,14349,788,22歳,22
132071,昭島市,2015,2014,14349,923,14295,869,21歳,21
132071,昭島市,2016,2015,14295,864,14226,795,20歳,20
132071,昭島市,2017,2016,14226,836,14204,814,19歳,19
132071,昭島市,2018,2017,14204,861,14093,750,18歳,18
132071,昭島市,2019,2018,14093,859,14061,827,17歳,17
132071,昭島市,2020,2019,14061,791,13921,651,16歳,16
132071,昭島市,2021,2020,13921,764,13880,723,15歳,15
132080,調布市,2009,2008,26801,2048,27101,2348,27歳,27
132080,調布市,2010,2009,27101,2090,27439,2428,26歳,26
132080,調布市,2011,2010,27439,1953,27631,2145,25歳,25
132080,調布市,2012,2011,27631,2028,28162,2559,24歳,24
132080,調布市,2013,2012,28162,2062,28164,2064,23歳,23
132080,調布市,2014,2013,28164,2109,28302,2247,22歳,22
132080,調布市,2015,2014,28302,1965,28465,2128,21歳,21
132080,調布市,2016,2015,28465,2066,28993,2594,20歳,20
132080,調布市,2017,2016,28993,2140,29254,2401,19歳,19
132080,調布市,2018,2017,29254,1991,29705,2442,18歳,18
132080,調布市,2019,2018,29705,1893,29740,1928,17歳,17
132080,調布市,2020,2019,29740,1787,29680,1727,16歳,16
132080,調布市,2021,2020,29680,1761,29626,1707,15歳,15
132098,町田市,2009,2008,57765,3338,58213,3786,27歳,27
132098,町田市,2010,2009,58213,3402,58629,3818,26歳,26
132098,町田市,2011,2010,58629,3160,58354,2885,25歳,25
132098,町田市,2012,2011,58354,3044,58397,3087,24歳,24
132098,町田市,2013,2012,58397,2992,58025,2620,23歳,23
132098,町田市,2014,2013,58025,2932,57343,2250,22歳,22
132098,町田市,2015,2014,57343,2892,56459,2008,21歳,21
132098,町田市,2016,2015,56459,2830,55743,2114,20歳,20
132098,町田市,2017,2016,55743,2783,54912,1952,19歳,19
132098,町田市,2018,2017,54912,2658,53989,1735,18歳,18
132098,町田市,2019,2018,53989,2547,53072,1630,17歳,17
132098,町田市,2020,2019,53072,2464,52142,1534,16歳,16
132098,町田市,2021,2020,52142,2310,51165,1333,15歳,15
132101,小金井市,2009,2008,13371,943,13369,941,27歳,27
132101,小金井市,2010,2009,13369,966,13722,1319,26歳,26
132101,小金井市,2011,2010,13722,1003,13774,1055,25歳,25
132101,小金井市,2012,2011,13774,1006,13962,1194,24歳,24
132101,小金井市,2013,2012,13962,1094,14100,1232,23歳,23
132101,小金井市,2014,2013,14100,1115,14072,1087,22歳,22
132101,小金井市,2015,2014,14072,1109,14094,1131,21歳,21
132101,小金井市,2016,2015,14094,1034,14396,1336,20歳,20
132101,小金井市,2017,2016,14396,1026,14521,1151,19歳,19
132101,小金井市,2018,2017,14521,1088,14754,1321,18歳,18
132101,小金井市,2019,2018,14754,1016,15011,1273,17歳,17
132101,小金井市,2020,2019,15011,971,15425,1385,16歳,16
132101,小金井市,2021,2020,15425,948,15770,1293,15歳,15
132110,小平市,2009,2008,24216,1619,24173,1576,27歳,27
132110,小平市,2010,2009,24173,1537,23933,1297,26歳,26
132110,小平市,2011,2010,23933,1522,23855,1444,25歳,25
132110,小平市,2012,2011,23855,1554,24309,2008,24歳,24
132110,小平市,2013,2012,24309,1641,24366,1698,23歳,23
132110,小平市,2014,2013,24366,1580,24331,1545,22歳,22
132110,小平市,2015,2014,24331,1656,24552,1877,21歳,21
132110,小平市,2016,2015,24552,1603,24763,1814,20歳,20
132110,小平市,2017,2016,24763,1490,24953,1680,19歳,19
132110,小平市,2018,2017,24953,1619,25361,2027,18歳,18
132110,小平市,2019,2018,25361,1493,25505,1637,17歳,17
132110,小平市,2020,2019,25505,1404,25580,1479,16歳,16
132110,小平市,2021,2020,25580,1293,25274,987,15歳,15
132128,日野市,2009,2008,23270,1500,23289,1519,27歳,27
132128,日野市,2010,2009,23289,1596,23506,1813,26歳,26
132128,日野市,2011,2010,23506,1447,23432,1373,25歳,25
132128,日野市,2012,2011,23432,1512,23657,1737,24歳,24
132128,日野市,2013,2012,23657,1512,23749,1604,23歳,23
132128,日野市,2014,2013,23749,1464,23793,1508,22歳,22
132128,日野市,2015,2014,23793,1589,23985,1781,21歳,21
132128,日野市,2016,2015,23985,1580,23947,1542,20歳,20
132128,日野市,2017,2016,23947,1441,23754,1248,19歳,19
132128,日野市,2018,2017,23754,1410,23585,1241,18歳,18
132128,日野市,2019,2018,23585,1336,23458,1209,17歳,17
132128,日野市,2020,2019,23458,1389,23418,1349,16歳,16
132128,日野市,2021,2020,23418,1264,23127,973,15歳,15
132136,東村山市,2009,2008,19779,1285,19882,1388,27歳,27
132136,東村山市,2010,2009,19882,1326,19928,1372,26歳,26
132136,東村山市,2011,2010,19928,1256,19884,1212,25歳,25
132136,東村山市,2012,2011,19884,1125,19891,1132,24歳,24
132136,東村山市,2013,2012,19891,1114,19530,753,23歳,23
132136,東村山市,2014,2013,19530,1051,19143,664,22歳,22
132136,東村山市,2015,2014,19143,1105,18856,818,21歳,21
132136,東村山市,2016,2015,18856,972,18590,706,20歳,20
132136,東村山市,2017,2016,18590,969,18340,719,19歳,19
132136,東村山市,2018,2017,18340,964,18166,790,18歳,18
132136,東村山市,2019,2018,18166,933,18060,827,17歳,17
132136,東村山市,2020,2019,18060,944,17975,859,16歳,16
132136,東村山市,2021,2020,17975,887,17837,749,15歳,15
132144,国分寺市,2009,2008,14344,907,14357,920,27歳,27
132144,国分寺市,2010,2009,14357,922,14174,739,26歳,26
132144,国分寺市,2011,2010,14174,935,14089,850,25歳,25
132144,国分寺市,2012,2011,14089,908,14386,1205,24歳,24
132144,国分寺市,2013,2012,14386,988,14541,1143,23歳,23
132144,国分寺市,2014,2013,14541,938,14491,888,22歳,22
132144,国分寺市,2015,2014,14491,1067,14587,1163,21歳,21
132144,国分寺市,2016,2015,14587,1053,14716,1182,20歳,20
132144,国分寺市,2017,2016,14716,955,14843,1082,19歳,19
132144,国分寺市,2018,2017,14843,976,15160,1293,18歳,18
132144,国分寺市,2019,2018,15160,1005,15413,1258,17歳,17
132144,国分寺市,2020,2019,15413,958,15724,1269,16歳,16
132144,国分寺市,2021,2020,15724,988,15940,1204,15歳,15
132152,国立市,2009,2008,9210,581,9141,512,27歳,27
132152,国立市,2010,2009,9141,580,9041,480,26歳,26
132152,国立市,2011,2010,9041,517,8935,411,25歳,25
132152,国立市,2012,2011,8935,548,8985,598,24歳,24
132152,国立市,2013,2012,8985,623,8842,480,23歳,23
132152,国立市,2014,2013,8842,568,8864,590,22歳,22
132152,国立市,2015,2014,8864,581,8814,531,21歳,21
132152,国立市,2016,2015,8814,576,8797,559,20歳,20
132152,国立市,2017,2016,8797,558,8746,507,19歳,19
132152,国立市,2018,2017,8746,578,8739,571,18歳,18
132152,国立市,2019,2018,8739,467,8682,410,17歳,17
132152,国立市,2020,2019,8682,486,8671,475,16歳,16
132152,国立市,2021,2020,8671,427,8537,293,15歳,15
132187,福生市,2009,2008,7550,508,7278,236,27歳,27
132187,福生市,2010,2009,7278,517,7080,319,26歳,26
132187,福生市,2011,2010,7080,458,6850,228,25歳,25
132187,福生市,2012,2011,6850,439,6817,406,24歳,24
132187,福生市,2013,2012,6817,469,6654,306,23歳,23
132187,福生市,2014,2013,6654,427,6499,272,22歳,22
132187,福生市,2015,2014,6499,454,6403,358,21歳,21
132187,福生市,2016,2015,6403,442,6279,318,20歳,20
132187,福生市,2017,2016,6279,384,6196,301,19歳,19
132187,福生市,2018,2017,6196,399,6092,295,18歳,18
132187,福生市,2019,2018,6092,379,5941,228,17歳,17
132187,福生市,2020,2019,5941,367,5849,275,16歳,16
132187,福生市,2021,2020,5849,334,5665,150,15歳,15
132195,狛江市,2009,2008,8591,608,8601,618,27歳,27
132195,狛江市,2010,2009,8601,616,8645,660,26歳,26
132195,狛江市,2011,2010,8645,565,8603,523,25歳,25
132195,狛江市,2012,2011,8603,622,8728,747,24歳,24
132195,狛江市,2013,2012,8728,642,8796,710,23歳,23
132195,狛江市,2014,2013,8796,672,9045,921,22歳,22
132195,狛江市,2015,2014,9045,706,9217,878,21歳,21
132195,狛江市,2016,2015,9217,749,9367,899,20歳,20
132195,狛江市,2017,2016,9367,716,9540,889,19歳,19
132195,狛江市,2018,2017,9540,678,9666,804,18歳,18
132195,狛江市,2019,2018,9666,715,9883,932,17歳,17
132195,狛江市,2020,2019,9883,629,9880,626,16歳,16
132195,狛江市,2021,2020,9880,601,9822,543,15歳,15
132209,東大和市,2009,2008,11718,751,11628,661,27歳,27
132209,東大和市,2010,2009,11628,778,11764,914,26歳,26
132209,東大和市,2011,2010,11764,699,11699,634,25歳,25
132209,東大和市,2012,2011,11699,762,11752,815,24歳,24
132209,東大和市,2013,2012,11752,691,11721,660,23歳,23
132209,東大和市,2014,2013,11721,692,11624,595,22歳,22
132209,東大和市,2015,2014,11624,778,11597,751,21歳,21
132209,東大和市,2016,2015,11597,720,11491,614,20歳,20
132209,東大和市,2017,2016,11491,719,11376,604,19歳,19
132209,東大和市,2018,2017,11376,656,11221,501,18歳,18
132209,東大和市,2019,2018,11221,572,10962,313,17歳,17
132209,東大和市,2020,2019,10962,565,10829,432,16歳,16
132209,東大和市,2021,2020,10829,511,10562,244,15歳,15
132217,清瀬市,2009,2008,9664,551,9613,500,27歳,27
132217,清瀬市,2010,2009,9613,553,9634,574,26歳,26
132217,清瀬市,2011,2010,9634,527,9585,478,25歳,25
132217,清瀬市,2012,2011,9585,537,9589,541,24歳,24
132217,清瀬市,2013,2012,9589,555,9597,563,23歳,23
132217,清瀬市,2014,2013,9597,484,9534,421,22歳,22
132217,清瀬市,2015,2014,9534,535,9508,509,21歳,21
132217,清瀬市,2016,2015,9508,546,9431,469,20歳,20
132217,清瀬市,2017,2016,9431,513,9296,378,19歳,19
132217,清瀬市,2018,2017,9296,471,9200,375,18歳,18
132217,清瀬市,2019,2018,9200,453,8970,223,17歳,17
132217,清瀬市,2020,2019,8970,443,8904,377,16歳,16
132217,清瀬市,2021,2020,8904,455,8786,337,15歳,15
132225,東久留米市,2009,2008,15236,887,14952,603,27歳,27
132225,東久留米市,2010,2009,14952,920,14820,788,26歳,26
132225,東久留米市,2011,2010,14820,816,14610,606,25歳,25
132225,東久留米市,2012,2011,14610,874,14673,937,24歳,24
132225,東久留米市,2013,2012,14673,858,14645,830,23歳,23
132225,東久留米市,2014,2013,14645,926,14594,875,22歳,22
132225,東久留米市,2015,2014,14594,855,14585,846,21歳,21
132225,東久留米市,2016,2015,14585,867,14451,733,20歳,20
132225,東久留米市,2017,2016,14451,824,14297,670,19歳,19
132225,東久留米市,2018,2017,14297,780,14234,717,18歳,18
132225,東久留米市,2019,2018,14234,759,14122,647,17歳,17
132225,東久留米市,2020,2019,14122,710,13975,563,16歳,16
132225,東久留米市,2021,2020,13975,704,13940,669,15歳,15
132233,武蔵村山市,2009,2008,10805,652,10941,788,27歳,27
132233,武蔵村山市,2010,2009,10941,593,11032,684,26歳,26
132233,武蔵村山市,2011,2010,11032,592,11047,607,25歳,25
132233,武蔵村山市,2012,2011,11047,560,11037,550,24歳,24
132233,武蔵村山市,2013,2012,11037,554,10881,398,23歳,23
132233,武蔵村山市,2014,2013,10881,523,10769,411,22歳,22
132233,武蔵村山市,2015,2014,10769,549,10624,404,21歳,21
132233,武蔵村山市,2016,2015,10624,497,10438,311,20歳,20
132233,武蔵村山市,2017,2016,10438,494,10314,370,19歳,19
132233,武蔵村山市,2018,2017,10314,551,10193,430,18歳,18
132233,武蔵村山市,2019,2018,10193,466,9965,238,17歳,17
132233,武蔵村山市,2020,2019,9965,472,9650,157,16歳,16
132233,武蔵村山市,2021,2020,9650,418,9404,172,15歳,15
132241,多摩市,2009,2008,17924,1164,17973,1213,27歳,27
132241,多摩市,2010,2009,17973,1128,17823,978,26歳,26
132241,多摩市,2011,2010,17823,1049,17639,865,25歳,25
132241,多摩市,2012,2011,17639,994,17605,960,24歳,24
132241,多摩市,2013,2012,17605,1025,17981,1401,23歳,23
132241,多摩市,2014,2013,17981,1074,17925,1018,22歳,22
132241,多摩市,2015,2014,17925,1030,17836,941,21歳,21
132241,多摩市,2016,2015,17836,968,17687,819,20歳,20
132241,多摩市,2017,2016,17687,970,17624,907,19歳,19
132241,多摩市,2018,2017,17624,882,17420,678,18歳,18
132241,多摩市,2019,2018,17420,871,17258,709,17歳,17
132241,多摩市,2020,2019,17258,790,16923,455,16歳,16
132241,多摩市,2021,2020,16923,733,16343,153,15歳,15
132250,稲城市,2009,2008,12780,767,12822,809,27歳,27
132250,稲城市,2010,2009,12822,862,13125,1165,26歳,26
132250,稲城市,2011,2010,13125,769,13284,928,25歳,25
132250,稲城市,2012,2011,13284,768,13418,902,24歳,24
132250,稲城市,2013,2012,13418,826,13407,815,23歳,23
132250,稲城市,2014,2013,13407,741,13270,604,22歳,22
132250,稲城市,2015,2014,13270,770,13284,784,21歳,21
132250,稲城市,2016,2015,13284,820,13499,1035,20歳,20
132250,稲城市,2017,2016,13499,788,13498,787,19歳,19
132250,稲城市,2018,2017,13498,730,13403,635,18歳,18
132250,稲城市,2019,2018,13403,765,13384,746,17歳,17
132250,稲城市,2020,2019,13384,706,13334,656,16歳,16
132250,稲城市,2021,2020,13334,656,13213,535,15歳,15
132276,羽村市,2009,2008,8168,520,8142,494,27歳,27
132276,羽村市,2010,2009,8142,499,8047,404,26歳,26
132276,羽村市,2011,2010,8047,464,7890,307,25歳,25
132276,羽村市,2012,2011,7890,439,7878,427,24歳,24
132276,羽村市,2013,2012,7878,472,7704,298,23歳,23
132276,羽村市,2014,2013,7704,425,7572,293,22歳,22
132276,羽村市,2015,2014,7572,377,7374,179,21歳,21
132276,羽村市,2016,2015,7374,424,7269,319,20歳,20
132276,羽村市,2017,2016,7269,381,7102,214,19歳,19
132276,羽村市,2018,2017,7102,343,6960,201,18歳,18
132276,羽村市,2019,2018,6960,364,6804,208,17歳,17
132276,羽村市,2020,2019,6804,313,6579,88,16歳,16
132276,羽村市,2021,2020,6579,310,6416,147,15歳,15
132284,あきる野市,2009,2008,11642,669,11615,642,27歳,27
132284,あきる野市,2010,2009,11615,667,11546,598,26歳,26
132284,あきる野市,2011,2010,11546,655,11466,575,25歳,25
132284,あきる野市,2012,2011,11466,627,11339,500,24歳,24
132284,あきる野市,2013,2012,11339,621,11204,486,23歳,23
132284,あきる野市,2014,2013,11204,606,10986,388,22歳,22
132284,あきる野市,2015,2014,10986,563,10821,398,21歳,21
132284,あきる野市,2016,2015,10821,509,10580,268,20歳,20
132284,あきる野市,2017,2016,10580,544,10347,311,19歳,19
132284,あきる野市,2018,2017,10347,493,10260,406,18歳,18
132284,あきる野市,2019,2018,10260,466,9998,204,17歳,17
132284,あきる野市,2020,2019,9998,434,9781,217,16歳,16
132284,あきる野市,2021,2020,9781,424,9550,193,15歳,15
132292,西東京市,2009,2008,24593,1613,24529,1549,27歳,27
132292,西東京市,2010,2009,24529,1676,24950,2097,26歳,26
132292,西東京市,2011,2010,24950,1717,25015,1782,25歳,25
132292,西東京市,2012,2011,25015,1624,25140,1749,24歳,24
132292,西東京市,2013,2012,25140,1558,24820,1238,23歳,23
132292,西東京市,2014,2013,24820,1545,24767,1492,22歳,22
132292,西東京市,2015,2014,24767,1583,24708,1524,21歳,21
132292,西東京市,2016,2015,24708,1555,24677,1524,20歳,20
132292,西東京市,2017,2016,24677,1434,24772,1529,19歳,19
132292,西東京市,2018,2017,24772,1472,24954,1654,18歳,18
132292,西東京市,2019,2018,24954,1451,25118,1615,17歳,17
132292,西東京市,2020,2019,25118,1425,25207,1514,16歳,16
132292,西東京市,2021,2020,25207,1316,25152,1261,15歳,15
133035,瑞穂町,2009,2008,4867,225,4777,135,27歳,27
133035,瑞穂町,2010,2009,4777,220,4676,119,26歳,26
133035,瑞穂町,2011,2010,4676,218,4557,99,25歳,25
133035,瑞穂町,2012,2011,4557,209,4470,122,24歳,24
133035,瑞穂町,2013,2012,4470,217,4396,143,23歳,23
133035,瑞穂町,2014,2013,4396,230,4310,144,22歳,22
133035,瑞穂町,2015,2014,4310,214,4208,112,21歳,21
133035,瑞穂町,2016,2015,4208,212,4098,102,20歳,20
133035,瑞穂町,2017,2016,4098,200,3981,83,19歳,19
133035,瑞穂町,2018,2017,3981,196,3868,83,18歳,18
133035,瑞穂町,2019,2018,3868,156,3680,-32,17歳,17
133035,瑞穂町,2020,2019,3680,149,3567,36,16歳,16
133035,瑞穂町,2021,2020,3567,148,3450,31,15歳,15
133051,日の出町,2009,2008,1812,118,1917,223,27歳,27
133051,日の出町,2010,2009,1917,134,2006,223,26歳,26
133051,日の出町,2011,2010,2006,137,2092,223,25歳,25
133051,日の出町,2012,2011,2092,156,2233,297,24歳,24
133051,日の出町,2013,2012,2233,149,2287,203,23歳,23
133051,日の出町,2014,2013,2287,131,2331,175,22歳,22
133051,日の出町,2015,2014,2331,123,2369,161,21歳,21
133051,日の出町,2016,2015,2369,142,2390,163,20歳,20
133051,日の出町,2017,2016,2390,111,2393,114,19歳,19
133051,日の出町,2018,2017,2393,94,2353,54,18歳,18
133051,日の出町,2019,2018,2353,93,2341,81,17歳,17
133051,日の出町,2020,2019,2341,85,2306,50,16歳,16
133051,日の出町,2021,2020,2306,82,2246,22,15歳,15
133078,檜原村,2009,2008,207,13,192,-2,27歳,27
133078,檜原村,2010,2009,192,7,185,0,26歳,26
133078,檜原村,2011,2010,185,12,172,-1,25歳,25
133078,檜原村,2012,2011,172,16,176,20,24歳,24
133078,檜原村,2013,2012,176,7,168,-1,23歳,23
133078,檜原村,2014,2013,168,7,155,-6,22歳,22
133078,檜原村,2015,2014,155,10,152,7,21歳,21
133078,檜原村,2016,2015,152,10,135,-7,20歳,20
133078,檜原村,2017,2016,135,7,122,-6,19歳,19
133078,檜原村,2018,2017,122,20,137,35,18歳,18
133078,檜原村,2019,2018,137,8,139,10,17歳,17
133078,檜原村,2020,2019,139,8,137,6,16歳,16
133078,檜原村,2021,2020,137,8,150,21,15歳,15
133086,奥多摩町,2009,2008,466,14,437,-15,27歳,27
133086,奥多摩町,2010,2009,437,12,414,-11,26歳,26
133086,奥多摩町,2011,2010,414,19,400,5,25歳,25
133086,奥多摩町,2012,2011,400,19,362,-19,24歳,24
133086,奥多摩町,2013,2012,362,16,358,12,23歳,23
133086,奥多摩町,2014,2013,358,15,337,-6,22歳,22
133086,奥多摩町,2015,2014,337,6,331,0,21歳,21
133086,奥多摩町,2016,2015,331,14,325,8,20歳,20
133086,奥多摩町,2017,2016,325,15,339,29,19歳,19
133086,奥多摩町,2018,2017,339,19,348,28,18歳,18
133086,奥多摩町,2019,2018,348,8,337,-3,17歳,17
133086,奥多摩町,2020,2019,337,15,347,25,16歳,16
133086,奥多摩町,2021,2020,347,14,348,15,15歳,15
133612,大島町,2009,2008,1008,59,1006,57,27歳,27
133612,大島町,2010,2009,1006,63,997,54,26歳,26
133612,大島町,2011,2010,997,63,984,50,25歳,25
133612,大島町,2012,2011,984,57,944,17,24歳,24
133612,大島町,2013,2012,944,66,932,54,23歳,23
133612,大島町,2014,2013,932,48,914,30,22歳,22
133612,大島町,2015,2014,914,45,892,23,21歳,21
133612,大島町,2016,2015,892,44,855,7,20歳,20
133612,大島町,2017,2016,855,45,812,2,19歳,19
133612,大島町,2018,2017,812,34,775,-3,18歳,18
133612,大島町,2019,2018,775,48,764,37,17歳,17
133612,大島町,2020,2019,764,39,732,7,16歳,16
133612,大島町,2021,2020,732,31,709,8,15歳,15
133621,利島村,2009,2008,33,4,35,6,27歳,27
133621,利島村,2010,2009,35,2,47,14,26歳,26
133621,利島村,2011,2010,47,4,47,4,25歳,25
133621,利島村,2012,2011,47,0,48,1,24歳,24
133621,利島村,2013,2012,48,3,47,2,23歳,23
133621,利島村,2014,2013,47,3,47,3,22歳,22
133621,利島村,2015,2014,47,7,53,13,21歳,21
133621,利島村,2016,2015,53,2,54,3,20歳,20
133621,利島村,2017,2016,54,4,59,9,19歳,19
133621,利島村,2018,2017,59,3,61,5,18歳,18
133621,利島村,2019,2018,61,5,61,5,17歳,17
133621,利島村,2020,2019,61,1,49,-11,16歳,16
133621,利島村,2021,2020,49,1,52,4,15歳,15
133639,新島村,2009,2008,346,15,346,15,27歳,27
133639,新島村,2010,2009,346,15,336,5,26歳,26
133639,新島村,2011,2010,336,23,336,23,25歳,25
133639,新島村,2012,2011,336,18,342,24,24歳,24
133639,新島村,2013,2012,342,21,328,7,23歳,23
133639,新島村,2014,2013,328,17,319,8,22歳,22
133639,新島村,2015,2014,319,12,319,12,21歳,21
133639,新島村,2016,2015,319,20,306,7,20歳,20
133639,新島村,2017,2016,306,14,288,-4,19歳,19
133639,新島村,2018,2017,288,13,277,2,18歳,18
133639,新島村,2019,2018,277,15,286,24,17歳,17
133639,新島村,2020,2019,286,19,271,4,16歳,16
133639,新島村,2021,2020,271,11,243,-17,15歳,15
133647,神津島村,2009,2008,280,16,273,9,27歳,27
133647,神津島村,2010,2009,273,15,281,23,26歳,26
133647,神津島村,2011,2010,281,14,279,12,25歳,25
133647,神津島村,2012,2011,279,16,289,26,24歳,24
133647,神津島村,2013,2012,289,27,294,32,23歳,23
133647,神津島村,2014,2013,294,9,276,-9,22歳,22
133647,神津島村,2015,2014,276,20,281,25,21歳,21
133647,神津島村,2016,2015,281,11,266,-4,20歳,20
133647,神津島村,2017,2016,266,17,280,31,19歳,19
133647,神津島村,2018,2017,280,12,279,11,18歳,18
133647,神津島村,2019,2018,279,8,281,10,17歳,17
133647,神津島村,2020,2019,281,13,266,-2,16歳,16
133647,神津島村,2021,2020,266,11,265,10,15歳,15
133817,三宅村,2009,2008,180,19,189,28,27歳,27
133817,三宅村,2010,2009,189,20,204,35,26歳,26
133817,三宅村,2011,2010,204,9,207,12,25歳,25
133817,三宅村,2012,2011,207,23,227,43,24歳,24
133817,三宅村,2013,2012,227,7,229,9,23歳,23
133817,三宅村,2014,2013,229,20,234,25,22歳,22
133817,三宅村,2015,2014,234,19,218,3,21歳,21
133817,三宅村,2016,2015,218,14,214,10,20歳,20
133817,三宅村,2017,2016,214,20,220,26,19歳,19
133817,三宅村,2018,2017,220,21,229,30,18歳,18
133817,三宅村,2019,2018,229,16,226,13,17歳,17
133817,三宅村,2020,2019,226,18,231,23,16歳,16
133817,三宅村,2021,2020,231,15,242,26,15歳,15
133825,御蔵島村,2009,2008,50,3,53,6,27歳,27
133825,御蔵島村,2010,2009,53,9,63,19,26歳,26
133825,御蔵島村,2011,2010,63,5,60,2,25歳,25
133825,御蔵島村,2012,2011,60,7,59,6,24歳,24
133825,御蔵島村,2013,2012,59,5,55,1,23歳,23
133825,御蔵島村,2014,2013,55,5,53,3,22歳,22
133825,御蔵島村,2015,2014,53,4,55,6,21歳,21
133825,御蔵島村,2016,2015,55,6,55,6,20歳,20
133825,御蔵島村,2017,2016,55,6,65,16,19歳,19
133825,御蔵島村,2018,2017,65,5,65,5,18歳,18
133825,御蔵島村,2019,2018,65,2,63,0,17歳,17
133825,御蔵島村,2020,2019,63,2,61,0,16歳,16
133825,御蔵島村,2021,2020,61,2,57,-2,15歳,15
134015,八丈町,2009,2008,1006,55,960,9,27歳,27
134015,八丈町,2010,2009,960,52,944,36,26歳,26
134015,八丈町,2011,2010,944,54,941,51,25歳,25
134015,八丈町,2012,2011,941,45,931,35,24歳,24
134015,八丈町,2013,2012,931,52,909,30,23歳,23
134015,八丈町,2014,2013,909,53,902,46,22歳,22
134015,八丈町,2015,2014,902,58,911,67,21歳,21
134015,八丈町,2016,2015,911,62,921,72,20歳,20
134015,八丈町,2017,2016,921,37,885,1,19歳,19
134015,八丈町,2018,2017,885,56,856,27,18歳,18
134015,八丈町,2019,2018,856,50,828,22,17歳,17
134015,八丈町,2020,2019,828,43,806,21,16歳,16
134015,八丈町,2021,2020,806,45,778,17,15歳,15
134023,青ヶ島村,2009,2008,34,0,29,-5,27歳,27
134023,青ヶ島村,2010,2009,29,2,33,6,26歳,26
134023,青ヶ島村,2011,2010,33,0,33,0,25歳,25
134023,青ヶ島村,2012,2011,33,1,29,-3,24歳,24
134023,青ヶ島村,2013,2012,29,0,26,-3,23歳,23
134023,青ヶ島村,2014,2013,26,0,23,-3,22歳,22
134023,青ヶ島村,2015,2014,23,1,23,1,21歳,21
134023,青ヶ島村,2016,2015,23,1,19,-3,20歳,20
134023,青ヶ島村,2017,2016,19,1,22,4,19歳,19
134023,青ヶ島村,2018,2017,22,0,16,-6,18歳,18
134023,青ヶ島村,2019,2018,16,2,22,8,17歳,17
134023,青ヶ島村,2020,2019,22,1,20,-1,16歳,16
134023,青ヶ島村,2021,2020,20,0,17,-3,15歳,15
134210,小笠原村,2009,2008,423,32,441,50,27歳,27
134210,小笠原村,2010,2009,441,36,441,36,26歳,26
134210,小笠原村,2011,2010,441,29,465,53,25歳,25
134210,小笠原村,2012,2011,465,20,464,19,24歳,24
134210,小笠原村,2013,2012,464,25,455,16,23歳,23
134210,小笠原村,2014,2013,455,30,441,16,22歳,22
134210,小笠原村,2015,2014,441,30,442,31,21歳,21
134210,小笠原村,2016,2015,442,22,430,10,20歳,20
134210,小笠原村,2017,2016,430,23,450,43,19歳,19
134210,小笠原村,2018,2017,450,20,443,13,18歳,18
134210,小笠原村,2019,2018,443,16,440,13,17歳,17
134210,小笠原村,2020,2019,440,27,415,2,16歳,16
134210,小笠原村,2021,2020,415,17,398,0,15歳,15
